docket_number,job_name,producer,agency_producer,director,engineer,sound_designer,agency,client,notes,last_updated
23159,Destional Ontario - US Spring Drive,Kelly,Erica Metcalfe,,,,Broken Heart Love Affair,Destination Ontario,,2025-11-19T17:33:57Z
23162,CBS National Bloor Donor,,,,,,,Canadian Blood Services,,2025-11-19T17:33:57Z
23165,Stella - Worlds Greatest Dinner Socials,,,,,,,Stella,,2025-11-19T17:33:57Z
23167,Honda HR-V,Kelly,,,,,,Honda,,2025-11-19T17:33:57Z
23176,Bombardier Seadoos,Kelly,,,,,,Bombardier,,2025-11-19T17:33:57Z
23187,Pringles Equity,"Clare,Sharon",,,,,,Pringles,,2025-11-19T17:33:57Z
23189,Best Buy - Back to School,Nicholas,,,,,,Best Buy,,2025-11-19T17:33:57Z
23189,Best Buy BTS,Nicholas,,,,,,Best Buy,,2025-11-19T17:33:57Z
23191,VISA - Wells Fargo - Womens World Cup,,,,,,,Visa,,2025-11-19T17:33:57Z
23194,Honda Digital,Clare,,,,,,Honda,,2025-11-19T17:33:57Z
23194,Honda Digital CR-V & HR-V,Clare,,,,,,Honda,,2025-11-19T17:33:57Z
23194,Honda Digital/CR-V & HR-V,Clare,,,,,,Honda,,2025-11-19T17:33:57Z
23194,Honda Q3 Incremental Prdn HR-V/CR-V,Clare,,,,,,Honda,,2025-11-19T17:33:57Z
23196,McD Anticipation,Sharon,,,,,,McDonald's,,2025-11-19T17:33:57Z
23197,Rogers Wireless RD,Nicholas,,,,,,Rogers,,2025-11-19T17:33:57Z
23203,Panago ETZ,Kelly,,,,,,Panago,,2025-11-19T17:33:57Z
23207,Voila Brand Platform,Sharon,,,,,,Voila,,2025-11-19T17:33:57Z
23208,Tinder ISWAS 2.0,Kelly,,,,,,Tinder,,2025-11-19T17:33:57Z
23209,AAA Membership,Kelly,,,,,,AAA,,2025-11-19T17:33:57Z
23209,AAA Membership Member to Go,Kelly,,,,,Leo Burnett,AAA,,2025-11-19T17:33:57Z
23213,TH Scrambled Egg Pastry,"Kelly,Clare",,,,,,Tim Hortons,,2025-11-19T17:33:57Z
23214,T-Mobile USA,,,,,,,T-Mobile,,2025-11-19T17:33:57Z
23216,GM Silverado Be Beyond,Kelly,,,,,McCann,GMC,,2025-11-19T17:33:57Z
23219,Bayer Pop Crops,Kelly,,,,,,Bayer Crop Science Canada,,2025-11-19T17:33:57Z
23229,CBCRA,Sharon,,,,,,Canadian Beverage Container Recycling Association,,2025-11-19T17:33:57Z
23229,Canadian Beverage Container Recycling Association - Within Reach,Sharon,,,,,,Canadian Beverage Container Recycling Association,,2025-11-19T17:33:57Z
23229,Canadian Beverage Container Recycling Association - Within Reach aka CBCRA,Sharon,,,,,,Canadian Beverage Container Recycling Association,,2025-11-19T17:33:57Z
23230,Rogers BTS,Nicholas,,,,,,Rogers,,2025-11-19T17:33:57Z
23245,Taco Bell Bacon Quesadilla,Nicholas,,,,,,Taco Bell,,2025-11-19T17:33:57Z
23246,Lexus FSport RD,Nicholas,,,,,,Lexus,,2025-11-19T17:33:57Z
23246,Lexus LDA RD,Nicholas,,,,,,Lexus,,2025-11-19T17:33:57Z
23247,CBS Elevated Need,Clare,,,,,,Canadian Blood Services,,2025-11-19T17:33:57Z
23252,TH Scan + Pay,Kelly,,,,,,Tim Hortons,,2025-11-19T17:33:57Z
23259,Destination Ontario - Be There Do That,Kelly,,,,,Broken Heart Love Affair,Destination Ontario,,2025-11-19T17:33:57Z
23260,CeraVe,Kelly,,,,,,Cerave,,2025-11-19T17:33:57Z
23260,L'Oreal CeraVe Acne,Kelly,,,,,,L'Oreal,,2025-11-19T17:33:57Z
23262,Rogers BTS,Nicholas,,,,,,Rogers,,2025-11-19T17:33:57Z
23266,Tim Hortons Coffee and Timbits AST,Kelly,,,,,,Tim Hortons,,2025-11-19T17:33:57Z
23267,Ford Parts & Service,Sharon,,,,,,Ford,,2025-11-19T17:33:57Z
23268,GSK Vaccine,Kelly,,,,,,GSK,,2025-11-19T17:33:57Z
23275,KIA Fall Retail,Kelly,,,,,Innocean,Kia,Licensed,2025-11-19T17:33:57Z
23276,Rogers - Atl Regatta,Nicholas,,,,,,Rogers,,2025-11-19T17:33:57Z
23278,RBC Newcomers,Kelly,,,,,Dentsu,RBC,,2025-11-19T17:33:57Z
23280,TH Evergreen RD,,,,,,,Tim Hortons,,2025-11-19T17:33:57Z
23288,Sobeys NHL,Sharon,,,,,,Sobeys,,2025-11-19T17:33:57Z
23288,Sobeys NHL 2023,Sharon,,,,,,Sobeys,,2025-11-19T17:33:57Z
23289,Rogers Q3 Home,Nicholas,,,,,,Rogers,,2025-11-19T17:33:57Z
23291,CBS Fall RD,Clare,,,,,,Canadian Blood Services,,2025-11-19T17:33:57Z
23297,OLG iCasino - You Play You,Kelly,,,,,,OLG,,2025-11-19T17:33:57Z
23302,Lucky Mobile BTS,Nicholas,,,,,,Lucky Mobile,,2025-11-19T17:33:57Z
23306,Chicken Farmers of Canada,Clare,,,,,,Chicken Farmers of Canada,,2025-11-19T17:33:57Z
23309,Questrade Animation,Kelly,,,,,,Questrade,,2025-11-19T17:33:57Z
23312,TH Battle of Alberta Bowls,Clare,,,,,,Tim Hortons,,2025-11-19T17:33:57Z
23314,Homesense Fall 2023 Music Usage,Kelly,Tofunmi Awonaike,,,,Sid Lee,Homesense,Licensed,2025-11-19T17:33:57Z
23316,Mercedes-Benz,Kelly,,,,,,Mercedes Benz,,2025-11-19T17:33:57Z
23324,Armstrong Cheese,Clare,Jennifer Therrien,,,,Rogue380,Armstrong Cheese,Actuals Sent,2025-11-19T17:33:57Z
23337,Lexus LDA RD Fall,Nicholas,,,,,,Lexus,,2025-11-19T17:33:57Z
23349,Sleeman Clear + Fruit,Kelly,,,,,,Sleeman,,2025-11-19T17:33:57Z
23350,Play Alberta Hot Seat,Nicholas,,,,,,Play Alberta,,2025-11-19T17:33:57Z
23367,Scotiabank Arena Reimagined/MLSE,Clare,,,,,,Scotiabank,,2025-11-19T17:33:57Z
23376,Rogers Wrapped in Red,Nicholas,,,,,,Rogers,,2025-11-19T17:33:57Z
23378,Farber Debt Solutions,Kelly,Andrew Schulze,,,,Local Collective,Farber,Licensed,2025-11-19T17:33:57Z
23401,CBS - Urgent Need,Clare,,,,,,Canadian Blood Services,,2025-11-19T17:33:57Z
23401,CBS - Urgent Need TV,Clare,,,,,,Canadian Blood Services,,2025-11-19T17:33:57Z
23401,CBS Urgent Need,Clare,,,,,,Canadian Blood Services,,2025-11-19T17:33:57Z
23401,CBS Urgent Need TV,Clare,,,,,,Canadian Blood Services,,2025-11-19T17:33:57Z
23406,Gibson's - Character Through the Ages,Nicholas,,,,,Angry Butterfly,Gibson's,,2025-11-19T17:33:57Z
23406,Gibson's Finest,Nicholas,,,,,,Gibson's,,2025-11-19T17:33:57Z
23406,Gibson’s Finest,Nicholas,,,,,,Gibson's,,2025-11-19T17:33:57Z
23410,Lexus 10 Day Event,Nicholas,,,,,,Lexus,,2025-11-19T17:33:57Z
23423,Rogers Blacknorth,Nicholas,,,,,,Rogers,,2025-11-19T17:33:57Z
23424,AGLC GAmesense Fall,Clare,,,,,,AGLC,,2025-11-19T17:33:57Z
23424,AGLC Gamesense Fall,Clare,,,,,DDB Edmonton,AGLC,,2025-11-19T17:33:57Z
23426,Merck HPV adults,Kelly,,,,,,,,2025-11-19T17:33:57Z
23431,Tinder ISWAS 3.0,Kelly,,,,,,Tinder,,2025-11-19T17:33:57Z
23435,Mountain Dew T&R2,Nicholas,Jessica Holloway,,,,Makers TO,Pepsi,Actuals Sent,2025-11-19T17:33:57Z
23440,Subway Nov Accel,Nicholas,,,,,,Subway,,2025-11-19T17:33:57Z
23442,Mini Wheats - Nothin Mini About It,Kelly,Lisa Devine,,,,Leo Burnett,Kelloggs,Licensed,2025-11-19T17:33:57Z
23457,CBS FY24 Holiday,Clare,,,,,,Canadian Blood Services,,2025-11-19T17:33:57Z
23460,RBC WIS,Kelly,,,,,Dentsu,RBC,,2025-11-19T17:33:57Z
23466,Sunlife Healthy YOu,Kelly,,,,,,Sunlife,,2025-11-19T17:33:57Z
23468,Hershey's Chipits,Kelly,,,,,,Hershey's,Licensed,2025-11-19T17:33:57Z
23474,Canadian Tire - CT Tested Blender,Kelly,,,,,,Canadian Tire,,2025-11-19T17:33:57Z
23475,Mercedes Benz CLA,Kelly,,,,,,Mercedes Benz,,2025-11-19T17:33:57Z
23475,Mercedes Benz GLA,Kelly,,,,,,Mercedes Benz,,2025-11-19T17:33:57Z
23482,Scotiabank Total Wealth Management,Sharon,,,,,,Scotiabank,,2025-11-19T17:33:57Z
23488,Canadian Tire - Olympics 2024,Kelly,Brenna Gray,,,,Leo Burnett,Canadian Tire,Licensed,2025-11-19T17:33:57Z
23489,Honda Q4 HRV,Nicholas,Margaret Szabo,,,,Dentsu,Honda,Licensed,2025-11-19T17:33:57Z
23492,CBS  vCJD Radio,Clare,,,,,,Canadian Blood Services,,2025-11-19T17:33:57Z
23499,Subway W1 - Value,Nicholas,Margaret Szabo,,,,Dentsu,Subway,Licensed,2025-11-19T17:33:57Z
24001,TD Black Experience,Sharon,Harold Tamara,,,,Ogilvy,TD,Licensed,2025-11-19T17:33:57Z
24002,Honda 2024 Ridgeline RD,Clare,,,,,Dentsu,Honda,,2025-11-19T17:33:57Z
24005,Thermea Spa - Valentine,Clare,Deena Archibald,,,,Grey,Thermea,Actuals Sent,2025-11-19T17:33:57Z
24005,Thermea Spa - Winter Wellness,Clare,Deena Archibald,,,,Grey,Thermea,Actuals Sent,2025-11-19T17:33:57Z
24007,Cerave DMI FILAD,Kelly,,,,,McCann,Cerave,,2025-11-19T17:33:57Z
24010,Vessi,Kelly,,,,,Kiddo Films,Vessi,,2025-11-19T17:33:57Z
24010,Vessi Believe,Kelly,Michael Milardo,,,,Kiddo Films,Vessi,Licensed,2025-11-19T17:33:57Z
24016,Sephora Mother's Day,,Carole Boate,,,,Makers,Sephora,,2025-11-19T17:33:57Z
24028,TD Advice,Sharon,,,,,Makers - A361 TD,TD,,2025-11-19T17:33:57Z
24031-US,"Walmart - ""Cleaning Machine""",,,,,,Creative License/Dept of Music,Walmart,,2025-11-19T17:33:57Z
24031-US,"Walmart - ""Parent of Two""",,,,,,Creative License/Dept of Music,Walmart,,2025-11-19T17:33:57Z
24035,Safe Haven Radio,Nicholas,,,,,The Local Collective,Safe Haven,,2025-11-19T17:33:57Z
24036,Destination Ontario,Kelly,,,,,Lifelong Crush,Destination Ontario,,2025-11-19T17:33:57Z
24036,Destination Ontario - Northern Motorcycle,Kelly,Sydney Kavanagh,,,,Lifelong Crush,Destination Ontario,Licensed,2025-11-19T17:33:57Z
24036,Destination Ontario - Northern Motorcycle - renewa,Kelly,Sydney Kavanagh,,,,Lifelong Crush,Destination Ontario,Licensed,2025-11-19T17:33:57Z
24037,Ford March Retail 2024,Sharon,,,,,GTB,Ford,,2025-11-19T17:33:57Z
24039,Subway Digital Accelerator,Nicholas,Tess Waisglass,,,,Dentsu,Subway,Licensed,2025-11-19T17:33:57Z
24040,GM Certified Service,Kelly,,,,,McCann,GMC,,2025-11-19T17:33:57Z
24045,UPS Two Dreams - Story of Support,,"Jesse Brandt,Yu Yue",,,,The Martin Agency,UPS,Actuals Sent,2025-11-19T17:33:57Z
24049,Rogers Q1 March Madness,Sharon,,,,,Courage,Rogers,,2025-11-19T17:33:57Z
24050,TD Bank - Own It,Kelly,Cameron Moffat,,,,Ogilvy,TD,Licensed,2025-11-19T17:33:57Z
24053,Chicken Farmers of Canada,Kelly,,,,,LG2,Chicken Farmers of Canada,,2025-11-19T17:33:57Z
24068,Rogers - Internet Reliability RD,Nicholas,,,,,Sid Lee,Rogers,,2025-11-19T17:33:57Z
24068,Rogers Q2 Internet Reliability RD,Nicholas,,,,,Sid Lee,Rogers,,2025-11-19T17:33:57Z
24086,Subway Turkey Value,Nicholas,,,,,Dentsu,Subway,,2025-11-19T17:33:57Z
24087,First Response,Kelly,Kasia Bismor,,,,Forsman & Bodenfors,First Response,,2025-11-19T17:33:57Z
24091,OLG  HVI FY25 Family Jackpot,Nicholas,,,,,FCB,OLG,,2025-11-19T17:33:57Z
24092,Tinder ISWAS 2024 Adapts,Kelly,,,,,Mischief,Tinder,,2025-11-19T17:33:57Z
24094,Tims 60th Anniversary,Kelly,,,,,Gut,Tim Hortons,,2025-11-19T17:33:57Z
24098,Government of Alberta,Clare,,,,,DDB Edmonton,,,2025-11-19T17:33:57Z
24104,MIO Tap,Nicholas,,,,,Rethink,MIO,,2025-11-19T17:33:57Z
24107,McD Summer Drink Days Phase 3,Sharon,,,,,Cossette,McDonald's,,2025-11-19T17:33:57Z
24107,McDonald's Summer Drink Days 2024,Sharon,,,,,Cossette,McDonald's,,2025-11-19T17:33:57Z
24110,Northern Super League,Kelly,,,,,Broken Heart Love Affair,Northern Super League,,2025-11-19T17:33:57Z
24111,Subaru Forester Questions,Kelly,Anna Tricinci,,,,Zulu,Subaru,Licensed,2025-11-19T17:33:57Z
24111,Subaru Forester Refresh May 2025,Kelly,Ola Stodulska,,,,Zulu,Subaru,Actuals Sent,2025-11-19T17:33:57Z
24115,KIA Spring Retail 24,Nicholas,,,,,Innocean,Kia,,2025-11-19T17:33:57Z
24115,Kia Spring Retail misc,Nicholas,,,,,Innocean,Kia,,2025-11-19T17:33:57Z
24117,Domino's Stuffed Cheesy Bread,Clare,,,,,LG2,Dominos,,2025-11-19T17:33:57Z
24129,:Lexus Spring Retail 24 - LDA,Nicholas,,,,,Dentsu,Lexus,,2025-11-19T17:33:57Z
24129,Lexus SPring Retail 24,Nicholas,,,,,Dentsu,Lexus,,2025-11-19T17:33:57Z
24129,Lexus Spring Retail 24,Nicholas,,,,,Dentsu,Lexus,,2025-11-19T17:33:57Z
24129,Lexus Spring Retail 24 - LDA,Nicholas,,,,,Dentsu,Lexus,,2025-11-19T17:33:57Z
24130,:Allegra Case Study,Kelly,,,,,Edelman,Allegra,,2025-11-19T17:33:57Z
24131,Harlequin 75th Anniversary,Sharon,,,,,Cossette,,,2025-11-19T17:33:57Z
24146,TD New to Canada,Sharon,Terry Kuan,,,,Ethnicity Matters,TD,Licensed,2025-11-19T17:33:57Z
24155,Vidanta World,Kelly,,,,,McCann,Vidanta,,2025-11-19T17:33:57Z
24156,WSIB - Practise Safe Work,Sharon,,,,,Mackie Biernacki,WSIB,,2025-11-19T17:33:57Z
24157,Thermëa - Education Campaign,Clare,Deena Archibald,,,,Grey,Thermea,,2025-11-19T17:33:57Z
24157,Thermëa Education Campaign,Clare,,,,,Grey,Thermea,,2025-11-19T17:33:57Z
24164,Pizza Hut - Cheeseburger Melts,Nicholas,,,,,Leo Burnett,Pizza Hut,,2025-11-19T17:33:57Z
24167,Honda HR-V 2026,Clare,Lisa Moore,,,,Dentsu,Honda,Licensed,2025-11-19T17:33:57Z
24171,Sobeys Fresh,Sharon,,,,,FCB,Sobeys,,2025-11-19T17:33:57Z
24182,Tim Hortons - Camp Day,Kelly,,,,,Gut,Tim Hortons,,2025-11-19T17:33:57Z
24182,Tim Hortons Camp Day Rehit,Clare,Vivian Poon,,,,,Tim Hortons,Licensed,2025-11-19T17:33:57Z
24184,Mitsubishi,Kelly,,,,,Pilot House TV,Mitsubishi,,2025-11-19T17:33:57Z
24192,WSIB Reputation Campaign,Sharon,,,,,Mackie Biernacki,WSIB,,2025-11-19T17:33:57Z
24198,Drumstick Brand,Nicholas,Liz May,,,,Dentsu,Drumstick,Licensed,2025-11-19T17:33:57Z
24207,Cookies and Cream,Sharon,Ingrid Kroboth,,,,FCB,Hershey's,Actuals Sent,2025-11-19T17:33:57Z
24207,Hershey's Cookies n' Cream,Sharon,,,,,FCB,Hershey's,,2025-11-19T17:33:57Z
24209,Honda CR-V 2025 Refresh,Clare,,,,,Dentsu,Honda,,2025-11-19T17:33:57Z
24214,Thermea Father's Day/Education,Clare,,,,,Grey,Thermea,,2025-11-19T17:33:57Z
24216,Knix Direct Response,Clare,,,,,Smile + Wave,Knix,,2025-11-19T17:33:57Z
24221,Scotiabank N2C Fy24,Sharon,,,,,Rethink,Scotiabank,,2025-11-19T17:33:57Z
24224,Catelli Pastanaut,Clare,Christine Malacas,,,,LG2,Catelli,Actuals Sent,2025-11-19T17:33:57Z
24228,Domino's Carry Out,"Clare,Sharon",,,,,,Dominos,,2025-11-19T17:33:57Z
24230,:Kraft Heinz - KD Cups TikTok,Nicholas,,,,,Rethink,Kraft,,2025-11-19T17:33:57Z
24232-US,Walmart BTS Bus Route,,,,,,Dept of Music,Walmart,,2025-11-19T17:33:57Z
24232-US,Walmart BTS In a Pinch,,,,,,Dept of Music,Walmart,,2025-11-19T17:33:57Z
24240,Honda Civic - Awareness,Clare,,,,,Dentsu,Honda,,2025-11-19T17:33:57Z
24244,Domino's Pan Pizza Adapt,Clare,,,,,LG2,Dominos,,2025-11-19T17:33:57Z
24248,"Home Depot , Homeowner Preroll",Nicholas,Nikki Drakul,,,,FCB,Home Depot,Licensed,2025-11-19T17:33:57Z
24249,GMC Rugged Ride,Nicholas,,,,,Leo Burnett,GMC,,2025-11-19T17:33:57Z
24255,Infinity QX80,Kelly,,,,,Publicis,Infinity Canada,,2025-11-19T17:33:57Z
24259,Subway Carnivore Sub,Nicholas,Margaret Szabo,,,,Dentsu,Subway,Licensed,2025-11-19T17:33:57Z
24261,Sobeys So Be It Case Study,Sharon,,,,,FCB,Sobeys,,2025-11-19T17:33:57Z
24266,Thermëa Summer Radio,Clare,,,,,Grey,Thermea,,2025-11-19T17:33:57Z
24269,Rohit Showhomes,Clare,,,,,DDB Edmonton,Rohit,,2025-11-19T17:33:57Z
24271,Walmart Health & Wellness,,,,,,Dept of Music,Walmart,,2025-11-19T17:33:57Z
24276,GSK Gretzky,Kelly,,,,,Edelman,GSK,,2025-11-19T17:33:57Z
24287,OLG Playsmart,Kelly,,,,,BBDO,OLG,,2025-11-19T17:33:57Z
24288,:Lexus RZ ReLaunch,Nicholas,,,,,Dentsu,Lexus,,2025-11-19T17:33:57Z
24290,Volkswagen Bretail RD,Kelly,,,,,VML,Volkswagen,,2025-11-19T17:33:57Z
24292,Kia Fall Retail AYD,Nicholas,,,,,Innocean,Kia,,2025-11-19T17:33:57Z
24293,TD,,,,,,,,,2025-11-19T17:33:57Z
24293,TD Insurance for Small Business,Clare,,,,,Recess Post,TD,,2025-11-19T17:33:57Z
24297,Symbicort,Nicholas,,,,,Dentsu Health,Symbicort,,2025-11-19T17:33:57Z
24299,Lexus Next Chapter,Nicholas,,,,,Dentsu,Lexus,,2025-11-19T17:33:57Z
24312,Rogers BTS,Sharon,,,,,The Pub Productions,Rogers,,2025-11-19T17:33:57Z
24312,Rogers BTS RD,Sharon,,,,,The Pub Productions,Rogers,,2025-11-19T17:33:57Z
24321,Toyota - BZ4X Electric,Kelly,,,,,Saatchi,Toyota,Actuals Sent,2025-11-19T17:33:57Z
24324,"AGLC Lady Luck, Roulette & Gaming",Clare,,,,,Gut,AGLC,,2025-11-19T17:33:57Z
24327,NFL Campaign,,,,,,The Tenth Man,NFL,,2025-11-19T17:33:57Z
24329,Lexus Next Chapter,Clare,,,,,Dentsu,Lexus,,2025-11-19T17:33:57Z
24330,Rogers iPhone Sprinkles,Nicholas,,,,,Publicis,Rogers,,2025-11-19T17:33:57Z
24331,Rogers - Xfinity Ball - Lights Out,Nicholas,Koa Padolsky,,,,Publicis,Rogers,Licensed,2025-11-19T17:33:57Z
24344,Petro Canada Fall Petro Points,Sharon,,,,,Publicis,Petro Canada,,2025-11-19T17:33:57Z
24344,Petro Rewards Your Routine,Sharon,Beatrice Hanley,,,,Publicis,Petro Canada,Licensed,2025-11-19T17:33:57Z
24347,Quaker Hockey,Kelly,,,,,Behaviour,Quaker Hockey,,2025-11-19T17:33:57Z
24363,Tim Hortons Holiday 2024,"Kelly,Clare",,,,,Gut,Tim Hortons,,2025-11-19T17:33:57Z
24372,Shingrix Radio,Clare,Margo Hicks,,,,Edelman,Shingrix,Actuals Sent,2025-11-19T17:33:57Z
24374,GSK The Odds,Clare,,,,,Edelman,GSK,,2025-11-19T17:33:57Z
24390,Real Canadian Superstore Holiday Adapts,Kelly,,,,,123w,Superstore,,2025-11-19T17:33:57Z
24393,G9 Masterbrand,Kelly,Megan Waychison,,,,Klick,G9 Masterbrand,Actuals Sent,2025-11-19T17:33:57Z
24396,Home Hardware Dealer Recruitment,Nicholas,,,,,John St.,Home Hardware,,2025-11-19T17:33:57Z
24405,Rogers Holiday Promo Event,Nicholas,,,,,Publicis,Rogers,,2025-11-19T17:33:57Z
24407,Home Hardware RSC 2025,Nicholas,Jacqueline Bellmore,,,,John St.,Home Hardware,Billed,2025-11-19T17:33:57Z
24413,Lincoln October November 2024,Sharon,,,,,Hudson North,Lincoln,,2025-11-19T17:33:57Z
24415,Sephora Holiday Organic Social,Nicholas,,,,,Makers,Sephora,,2025-11-19T17:33:57Z
24418,AGLC DrinkSense,Clare,,,,,DDB Edmonton,AGLC,,2025-11-19T17:33:57Z
24418,AGLC Drinks - Apres Drinks / Celebratory Toast,Clare,Caroline Wrinch,,,,DDB Edmonton,AGLC,Actuals Sent,2025-11-19T17:33:57Z
24420,Caterpillar Centennial Anthem,Kelly,,,,,Makers,Caterpillar,,2025-11-19T17:33:57Z
24423,Canadian Tire OmniChrist 2024,Sharon,,,,,Publicis,Canadian Tire,,2025-11-19T17:33:57Z
24424,Panera - Soups Dippers,Kelly,,,,,Makers,Panera,,2025-11-19T17:33:57Z
24426,Honda Pilot 2025,Clare,,,,,Dentsu,Honda,,2025-11-19T17:33:57Z
24430,The Home Depot Black Friday Radio,Clare,,,,,FCB,Home Depot,,2025-11-19T17:33:57Z
24431,Quaker Harvest Crunch - Its All In the Clusters,Kelly,,,,,Behaviour,Quaker Oats Company,Actuals Sent,2025-11-19T17:33:57Z
24433-US,Instacart Farmbox,,,,,,Dept of Music,Instacart,,2025-11-19T17:33:57Z
24434,Lotto 649 - March Super Draw,Sharon,,,,,FCB,Lotto 649,,2025-11-19T17:33:57Z
24435,Kohls 2024 Holiday Campaign,,,,,,VML,Kohls,,2025-11-19T17:33:57Z
24437,GreenShield Insurance - Aging is Rough,Sharon,Sharon Kosokowsky,,,,Mackie Biernacki,GreenShield Insurance,Licensed,2025-11-19T17:33:57Z
24438,Purolator Tackle Hunger/Reach Out,Clare,,,,,The & Partnership,Purolator,,2025-11-19T17:33:57Z
24446,PHSA - BCCH Must Love Kids,Kelly,,,,,Barber Shop Films,Provincial Health Services Authority,,2025-11-19T17:33:57Z
24456,Questrade Dream Smaller,Kelly,,,,,No Fixed Address,Questrade,Actuals Sent,2025-11-19T17:33:57Z
24460,CBS Winter Campaign,Sharon,,,,,Diamond,Canadian Blood Services,,2025-11-19T17:33:57Z
24461,LottoMax '25,"Sharon,Clare",,,,,FCB,Lottomax,Licensed,2025-11-19T17:33:57Z
24465,Home Network,Kelly,,,,,Corus,Home Network,,2025-11-19T17:33:57Z
24465,Home Network - Radio,Kelly,,,,,Corus,Home Network,,2025-11-19T17:33:57Z
24466,GM Evolve,Kelly,,,,,McCann,GMC,,2025-11-19T17:33:57Z
24469,Dairy Queen Cakes 2025,Sharon,,,,,Publicis,Dairy Queen,,2025-11-19T17:33:57Z
24471,Ford Feb Retail Bronco,Sharon,,,,,GTB,Ford,,2025-11-19T17:33:57Z
24471,Ford Feb Retail Escape,Sharon,,,,,GTB,Ford,,2025-11-19T17:33:57Z
24471,Ford Feb Retail What If,Sharon,,,,,GTB,Ford,,2025-11-19T17:33:57Z
24472,Maple Leaf Foods - Rap Beef,Clare,,,,,No Fixed Address,Maple Leaf Foods,,2025-11-19T17:33:57Z
24478,Panera Bagel Sandwiches,Kelly,,,,,Makers,Panera,,2025-11-19T17:33:57Z
24490,Tim Hortons RUTW 2025,Clare,,,,,Gut,Tim Hortons,,2025-11-19T17:33:57Z
24491,Hard Mountain Dew - Code Red,Sharon,,,,,Makers,Mountain Dew,,2025-11-19T17:33:57Z
24498,Tangerine RSP OLVs,Nicholas,,,,,Rethink,Tangerine,,2025-11-19T17:33:57Z
24502,The Keg - Winter Grill - Get Fired Up,Nicholas,,,,,Juliet,The Keg,,2025-11-19T17:33:57Z
24505-US,Walmart Q1 2025 - Get it Before the Second Half Starts,Nicholas,Devona Mayeur,,,,Publicis,Walmart,Actuals Sent,2025-11-19T17:33:57Z
24506,Tim Hortons - Coffee Equity,Clare,,,,,Gut,Tim Hortons,,2025-11-19T17:33:57Z
24508,Kevin's Natural Foods,,,,,,Terri & Sandy,Kevin's Natural Foods,,2025-11-19T17:33:57Z
24509,CREA Y25 Brand,Clare,,,,,NFA,Canadian Real Estate Association,,2025-11-19T17:33:57Z
24513,No Frills Superbowl Bowls,Clare,Sam Benson,,,,,No Frills,,2025-11-19T17:33:57Z
24516,Rogers - 4 Nations - Its Our Game,Nicholas,,,,,Publicis,Rogers,Licensed,2025-11-19T17:33:57Z
24517,Vertex HCP Launch Hype Video,Sharon,,,,,Klick,Vertex Pharmaceuticals,,2025-11-19T17:33:57Z
24529,Good Start Animations,Clare,Margo Hicks,,,,Edelman,Good Start,Wrapped,2025-11-19T17:33:57Z
24530,Jeep Wrangler - Enjoy,Kelly,Nicholas Hore,,,,Publicis,Chrysler,Licensed,2025-11-19T17:33:57Z
24535,Royal Alberta Museum - Orca Exhibit,Clare,Shenny Jaffer,,,,TBWA,Royal Alberta Museum,Licensed,2025-11-19T17:33:57Z
24545,Reddit year in review,Marcello,Premier,,,,,Reddit,Licensed,2025-11-19T17:33:57Z
24546,Tinder spot 2,Marcello,Grayson,,,,,Tinder,Licensed,2025-11-19T17:33:57Z
24547,Real Canadian Superstore,Marcello,Grayson,,,,,Superstore,Licensed,2025-11-19T17:33:57Z
24548,"Google ""Vacuum"" digital spot",Marcello,Grayson,,,,,Google,Licensed,2025-11-19T17:33:57Z
24549,Small Achievable Goals,Marcello,Wilders,,,,Wilders,Small Achievable Goals,Licensed,2025-11-19T17:33:57Z
25000-US,Hard Mountain Dew - Swipe,Nicholas,Jessica Holloway,,,,Makers,Mountain Dew,Billed,2025-11-19T17:33:57Z
25001-US,Ralph Lauren Spring Music Search,Nicholas,Colleen Young,,,,Department of Music,Ralph Lauren,Dead,2025-11-19T17:33:57Z
25002,Tims Supreme Stack,Kelly,Britt Wilcox,,,,Gut,Tim Hortons,Billed,2025-11-19T17:33:57Z
25003,BMO Build a Branch Case Study,Sharon,Stephanie Matiussi,,,,FCB,BMO,Billed,2025-11-19T17:33:57Z
25004,Raptors Kitchen,Kelly,Margo Hicks,,,,Edelman,Raptors,,2025-11-19T17:33:57Z
25005,Tim Hortons Toasted Sandwiches Test Market,Kelly,Ryan Siddon,,,,Gut,Tim Hortons,Billed,2025-11-19T17:33:57Z
25006,Jack Links,Kelly,Nadia Dunn,,,,Milestone,Jack Links,Billed,2025-11-19T17:33:57Z
25007,Roche,Clare,Margo Hicks,,,,Edelman,Roche,Dead,2025-11-19T17:33:57Z
25008,Caplyta Pitch 2025,Kelly,Alina Prussky,,,,Klick,Caplyta,,2025-11-19T17:33:57Z
25009,Postcards From Canada 2025,Clare,Joanna Wong,,,,Black Rhino Creative,Postcards From Canada,Billed,2025-11-19T17:33:57Z
25010,National Bank Internal Video,Clare,Christine Malacas,,,,lg2,National Bank 25010,Billed,2025-11-19T17:33:57Z
25011,Tims Rookies 2025,Clare,"Sophie McIntosh,Rebecca Adams",,,,Gut,Tim Hortons,Billed,2025-11-19T17:33:57Z
25012,TTC Gen Z,Kelly,Sara Teasdale,,,,Sid Lee,TTC,Billed,2025-11-19T17:33:57Z
25013,Best Buy Express TV,Nicholas,Carolyn Mitchell,,,,DonerNorth,Best Buy,Billed,2025-11-19T17:33:57Z
25014,Marketing Awards,Kelly,Rob Lazar,,,,Dentsu,Marketing Awards,Freebie,2025-11-19T17:33:57Z
25015-US,Zimmer Biomet,Kelly,Andria Minott,,,,klick,Zimmer Biomet,Billed,2025-11-19T17:33:57Z
25016-US,7-Eleven,Nicholas,Aaron Mercer,,,,Premier Music Group,7-Eleven,Dead,2025-11-19T17:33:57Z
25017,Arbor Memorial,Clare,Graeme Mathieson,,,,Bonfire Originals,Arbor Memorial,,2025-11-19T17:33:57Z
25018,Amex Onboarding,Nicholas,Liz May,,,,Dentsu,AMEX,Licensed,2025-11-19T17:33:57Z
25019,Sonnet Adulting 2025,Sharon,Katherina Villa,,,,Mackie Biernacki,Sonnet,Billed,2025-11-19T17:33:57Z
25020,Farber - Tap Tap Spend Radio,Nicholas,Vallerie Traitses,,,,The Local Collective,Farber,Dead,2025-11-19T17:33:57Z
25021,APH (Acadian Plant Health) Video,Kelly,Stef Fabich,,,,McCann,Arcadian Plant Health,Dead,2025-11-19T17:33:57Z
25022,Lindt Lindor Vegan Adapt,Clare,Deena Archibald,,,,Grey,Lindt,Billed,2025-11-19T17:33:57Z
25023,Honda Passport to More,Nicholas,Carlo D'Ercole ,,,,Dentsu,Honda,Dead,2025-11-19T17:33:57Z
25024,Rogers Grammys,Nicholas,Jennifer Morrison,,,,Publicis,Rogers,Dead,2025-11-19T17:33:57Z
25025-US,Penske Music Search,Nicholas,,,,,Department of Music,,Dead,2025-11-19T17:33:57Z
25026,General Elections - Elections Ontario RTV,Nicholas,Michi Lepik-Stahl,,,,Publicis,Elections Ontario,Billed,2025-11-19T17:33:57Z
25027,Country Crock,Kelly,Nicole Poon,,,,Anomaly,Country Crock,Licensed,2025-11-19T17:33:57Z
25028,Cold Bev 2025,"Kelly,Clare",Britt Wilcox,,,,Gut,Tim Hortons,Billed,2025-11-19T17:33:57Z
25029,Tims 4 Nations,Clare,Alysha Pacheco,,,,Gut,Tim Hortons,Billed,2025-11-19T17:33:57Z
25030,Sephora - Mothers Day 2025,Nicholas,Carole Boate,,,,Makers,Sephora,,2025-11-19T17:33:57Z
25031,Tims Hat Trick Flatbread,Clare,Christine Taranco,,,,Gut,Tim Hortons,Billed,2025-11-19T17:33:57Z
25032,Tims Loaded Crispy Chicken Bowl,Clare,Christine Taranco,,,,Gut,Tim Hortons,Dead,2025-11-19T17:33:57Z
25033,ALERT,Clare,Shenny Jaffer,,,,TBWA,ALERT,Billed,2025-11-19T17:33:57Z
25034,L'Oreal International Womens Day,Kelly,Jana Desjardins,,,,McCann,L'Oreal,Billed,2025-11-19T17:33:57Z
25035,GSK Radio - Arexvy,Clare,Margo Hicks,,,,Edelman,GSK,,2025-11-19T17:33:57Z
25036,Pattison Outdoor Invictus,Kelly,Bridget Campbell,,,,Pattison Outdoor,Pattison,Dead,2025-11-19T17:33:57Z
25037,Egg Farmers of Ontario - Life Changes,Sharon,Marci McCurlie,,,,Evolve,Egg Farmers of Ontario,,2025-11-19T17:33:57Z
25038-US,Folgers Wakin' Up Testing,Nicholas,Yamoaa Gyimah,,,,PXP Production,Folgers,Billed,2025-11-19T17:33:57Z
25039,TD Sit To Start,Kelly,Jaclyn Garfinkle,,,,Ogilvy,TD,Billed,2025-11-19T17:33:57Z
25040,Vector,Kelly,Lu Zhang,,,,Leo Burnett,Vector,Billed,2025-11-19T17:33:57Z
25041,Humber For Your Consideration,Kelly,,,,,Broken Heart Love Affair,Humber,Dead,2025-11-19T17:33:57Z
25042,Centennial College Student RD,Nicholas,,,,,Publicis,Centennial College,Freebie,2025-11-19T17:33:57Z
25043-US,Angel's Envy,Kelly,,,,,Sid Lee,,,2025-11-19T17:33:57Z
25044-US,Car T Cell Therapy Explainer Video,Kelly,,,,,Hornet,,Dead,2025-11-19T17:33:57Z
25045,KHP Case Study,Kelly,,,,,McCann,Kids Help Phone,Dead,2025-11-19T17:33:57Z
25046,Ministry of Health Organ Donation,Kelly,,,,,Publicis,Ministry Of Health,,2025-11-19T17:33:57Z
25047-US,UPS x Kareem Rahma Partnership,Nicholas,,,,,Martin Agency,UPS,Dead,2025-11-19T17:33:57Z
25048,Starbucks Artist Collab,Kelly,,,,,Leo Burnett,Starbucks,Dead,2025-11-19T17:33:57Z
25049,Twizzlers Streeetch the Fun,Nicholas,Joshua Malone,,,,FCB,Twizzler,Licensed,2025-11-19T17:33:57Z
25050,VW Case Study,Kelly,Steve Emmens,,,,VML,Volkswagen,Freebie,2025-11-19T17:33:57Z
25051,Rogers - 4 Nations / When We Win,Nicholas,Koa Padolsky,,,,Publicis,Rogers,Billed,2025-11-19T17:33:57Z
25052,Rogers Business Campaign Update,Nicholas,Jennifer Morrison,,,,Publicis,Rogers,Dead,2025-11-19T17:33:57Z
25053,Simplii Financial Brand Campaign,Kelly,Alex Kotschorek,,,,Broken Heart Love Affair,Simplii Financial,Dead,2025-11-19T17:33:57Z
25054,Questrade Project Seppuku,Sharon,Mark Pan,,,,NFA,Questrade,,2025-11-19T17:33:57Z
25055,TD Junos,Sharon,Sydney Weinstock,,,,Diamond,TD,Billed,2025-11-19T17:33:57Z
25056,Shell CAA OLV and Digital Audio,Sharon,Kelsey Paquette,,,,VML,Shell,Billed,2025-11-19T17:33:57Z
25057,Alumo Brand Video,Clare,Christine Malacas,,,,LG2,Alumo,Dead,2025-11-19T17:33:57Z
25058,Dominos Parm Stuffed Crust Adapt,Clare,Nikki Anjavi,,,,LG2,Dominos,Billed,2025-11-19T17:33:57Z
25059,Leo Burnett Case Studies,Kelly,Samantha Hulme,,,,Leo Burnett,,,2025-11-19T17:33:57Z
25060,Greenworks - Living With Pigs,Nicholas,Josh Malone,,,,FCB,Greenworks,Licensed,2025-11-19T17:33:57Z
25061,Tim Hortons - Superbowl Hockey Game,Kelly,Larissa Lee,,,,,Tim Hortons,"Licensed,Billed",2025-11-19T17:33:57Z
25062,"L'Oréal ""Stand Up"" Adapt",Kelly,Stef Fabich,,,,McCann,L'Oreal,,2025-11-19T17:33:57Z
25063,Superdraw 2025,Sharon,Ethan Lowe,,,,FCB,,Dead,2025-11-19T17:33:57Z
25064,CDIC Animation,Nicholas,Rob Lazar,,,,Dentsu,CDIC,Dead,2025-11-19T17:33:57Z
25065,LG2 Case Studies,Clare,Dale Giffen,,,,LG2,,Billed,2025-11-19T17:33:57Z
25066,Petro Canada X 2026 Olympics,Kelly,Erica Shallow,,,,McCann,Petro Canada,,2025-11-19T17:33:57Z
25067,Popeyes Canada,Sharon,Pierre Roache,,,,Cylndr - McKinney,Popeyes,Billed,2025-11-19T17:33:57Z
25068,Chrysler Matt AI,Kelly,,,,,Publicis,Chrysler,,2025-11-19T17:33:57Z
25069,Charmin French Jingle,Kelly,,,,,The Pub,Charmain,,2025-11-19T17:33:57Z
25070,Home Hardware - Shop Local,Nicholas,,,,,John St.,Home Hardware,,2025-11-19T17:33:57Z
25071,Rogers Spring Promo Radio,Nicholas,Jen Morrison,,,,Publicis,Rogers,,2025-11-19T17:33:57Z
25072,Canadian Tire Big Red Event,Kelly,David Krol,,,,Publicis,Canadian Tire,Licensed,2025-11-19T17:33:57Z
25073,Patient Video,Clare,Margo Hicks,,,,Edelman,,Dead,2025-11-19T17:33:57Z
25074,Honda Prologue Adapt,Clare,Lisa Moore,,,,Dentsu,Honda,Billed,2025-11-19T17:33:57Z
25075,Tims Always Canadian,Kelly,Larissa Lee,,,,Gut,Tim Hortons,,2025-11-19T17:33:57Z
25076,TD Insurance - Unexpectedly Easy,Sharon,Mike Spilchuk,,,,Leo Burnett,TD,,2025-11-19T17:33:57Z
25077,Pizza Pizza 4/20 Jams,Nicholas,Teresa Bayley,,,,Zulu Kilo Alpha,Pizza Pizza,Billed,2025-11-19T17:33:57Z
25078,Neffy Jingles,Kelly,Cassandra bull,,,,klick,Neffy,Billed,2025-11-19T17:33:57Z
25079,AGLC Self Exclusion,Clare,Debbie Shinecroft,,,,TBWA,AGLC,Licensed,2025-11-19T17:33:57Z
25080,Kellogg's 2025 Multibrand Snacking,Kelly,Brenna Gray,,,,Leo Burnett,Kelloggs,Billed,2025-11-19T17:33:57Z
25081,The Keg - See You Tonight 3.0,Nicholas,Ashlie Luthra,,,,Juliet,The Keg,,2025-11-19T17:33:57Z
25082,Tims Protein Bev & Breakfast,Clare,Alysha Pacheco,,,,Gut,Tim Hortons,Billed,2025-11-19T17:33:57Z
25083,Walmart Social Demo Reel Casting,Sharon,Barb Gibson,,,,Cossette,Walmart,Billed,2025-11-19T17:33:57Z
25084-US,Panera Updates - YP2 Construct 1 Revisions,Kelly,Jessica Holloway,,,,Makers,Panera,,2025-11-19T17:33:57Z
25085,Lexus LDA FSPORT April OLV,Nicholas,Lili Clune,,,,Dentsu,Lexus,Billed,2025-11-19T17:33:57Z
25086,Rogers NHL Regular Season,Nicholas,Jen Morrison,,,,Publicis,Rogers,Licensed,2025-11-19T17:33:57Z
25087,Hershey Reese's Easter,Sharon,Ingrid Kroboth,,,,FCB,Hershey's,Billed,2025-11-19T17:33:57Z
25088,Journavx Radio,Sharon,Catherine Scolieri,,,,Klick Health,Journavx Radio,,2025-11-19T17:33:57Z
25089,CAPV Hospital Trip TV,Kelly,Nadia Blake,,,,Klick,CAPV,,2025-11-19T17:33:57Z
25090,Jeep No Limits,Kelly,Nicholas Hore,,,,Publicis,Jeep,Billed,2025-11-19T17:33:57Z
25091-US,JCPenney,Kelly,Danielle Balanov,,,,Mischief,JCPenney,Billed,2025-11-19T17:33:57Z
25092,Canadian Tire - Big Spring Tire Sale,Nicholas,Canute Gomes,,,,Canadian Tire,Canadian Tire,Billed,2025-11-19T17:33:57Z
25093,Biolife Pitch,Kelly,Tina Muratovic,,,,Klick,Biolife,Billed,2025-11-19T17:33:57Z
25094,Tims AO Retention,Clare,Alysha Pacheco,,,,Gut,Tim Hortons,Dead,2025-11-19T17:33:57Z
25096-US,Lenz Therapeutics Vizz,,Francesca Marchase,,,,Klick,Lenz Therapeutics,Licensed,2025-11-19T17:33:57Z
25097,Aquamar Cali Sizzle,Kelly,Aliya Tarmo,,,,123W,Aquamar,Billed,2025-11-19T17:33:57Z
25098,EQB - Reverse Mortgage Radio,Clare,Dylan Gerard,,,,EQB,EQB,,2025-11-19T17:33:57Z
25099,Greenfield Bacon Bounty,Clare,Cherie O'Connor,,,,NFA,Maple Leaf Foods,,2025-11-19T17:33:57Z
25100,ATCO Energy,Kelly,Stef Fabich,,,,McCann,ATCO,,2025-11-19T17:33:57Z
25101,CAA IM Campaign,Sharon,Scott Ramsden,,,,Makers (Isaac - Deloitte),CAA,,2025-11-19T17:33:57Z
25102,The Rant 2.0,Kelly,Amanda Loughran,,,,The Optimalists ,,,2025-11-19T17:33:57Z
25103,IKEA Mattress / Sleep Radio,Nicholas,Narissa Ward,,,,Rethink,Ikea,Licensed,2025-11-19T17:33:57Z
25104,Podcast Record - Black Rhino,Clare,Joanna Wong,,,,Black Rhino Creative,,Dead,2025-11-19T17:33:57Z
25105,TD US Early Pay and TD Alerts,Sharon,Nick Choo,,,,TD - Studio 361,TD,,2025-11-19T17:33:57Z
25106,TD Everyday Banking 2025,Kelly,Cameron Moffat,,,,Ogilvy,TD,Billed,2025-11-19T17:33:57Z
25107,Tinder Face Check,Clare,Lorrie Zwer,,,,Gut,Tinder,Dead,2025-11-19T17:33:57Z
25108,GMC: Sierra Family - All Line,Nicholas,William Trush,,,,Leo Burnett,GMC,Billed,2025-11-19T17:33:57Z
25109,Give Red and White,Sharon,Sydney Weinstock,,,,Diamond,Canadian Blood Services,Licensed,2025-11-19T17:33:57Z
25110,Canada Dry US Adapt,Clare,Christine Malacas,,,,LG2,Canada Dry,Billed,2025-11-19T17:33:57Z
25111,Lindt Fusion,Sharon,Merissa Simonian,,,,Grey,Lindt,Billed,2025-11-19T17:33:57Z
25112,Heinz Case Study,Clare,Lorrie Zwer,,,,Gut,Heinz Kraft,Dead,2025-11-19T17:33:57Z
25113,Seeking Truth Booth Production,Kelly,Nina Buis,,,,NFA,Seeking Truth,Billed,2025-11-19T17:33:57Z
25114,Instacart CA Launch,Kelly,Samantha Fichter,,,,Mint,Instacart,,2025-11-19T17:33:57Z
25115,Lindt Ghirardelli,Clare,Deena Archibald,,,,Grey,Lindt,Dead,2025-11-19T17:33:57Z
25116,Jack Astors,Kelly,"Clay Stang,Delaney Brough",,,,The Garden,Jack Astors,Actuals Sent,2025-11-19T17:33:57Z
25117,The Home Depot Spring Masterbrand,Sharon,Ingrid Kroboth,,,,FCB,Home Depot,Billed,2025-11-19T17:33:57Z
25118,The Last Timbit Case Study,Kelly,Ryan Siddon,,,,Gut,Tim Hortons,,2025-11-19T17:33:57Z
25119-US,Chainlink Labs - Brand Awareness Campaign,Nicholas,Kim Stephens,,,,BUCK,Chainlink Labs,Billed,2025-11-19T17:33:57Z
25120,Skip the Dishes - Skip Here,Sharon,Veronica Coles,,,,Courage,Skip The Dishes,,2025-11-19T17:33:57Z
25121,Air Canada - Welcoming Travel Experience,Nicholas,Tess Waisglass,,,,FCB,Air Canada,Dead,2025-11-19T17:33:57Z
25122,Kids Help Phone PSA,Kelly,Stef Fabich,,,,McCann,Kids Help Phone,,2025-11-19T17:33:57Z
25123,EQ Bank IVR,Clare,Cherie Tsang,,,,EQ Bank,EQ Bank,Dead,2025-11-19T17:33:57Z
25124,Sobeys Upper Funnel OLV,Sharon,Nikki Drakul,,,,FCB,Sobeys,Actuals Sent,2025-11-19T17:33:57Z
25125,Disney Mix,Kelly,Stef Fabich,,,,McCann,Disney,,2025-11-19T17:33:57Z
25126,Virgin Plus - Obviously,,Kaitlyn Balmer,,,,Leo Burnett,Virgin Plus,Actuals Sent,2025-11-19T17:33:57Z
25127,Rogers - Highway 16,Nicholas,Michi Lepik-Stahl,,,,Publicis,Rogers,Dead,2025-11-19T17:33:57Z
25128,Dominion Lending Centres,Sharon,Emily McKay,,,,Saints (Here Be Monsters),,Dead,2025-11-19T17:33:57Z
25129,TD Case Studies,Kelly,Lauren Sloan,,,,Ogilvy,TD,Billed,2025-11-19T17:33:57Z
25130-US,FIS 2025,Kelly,Ryan Reynolds,,,,Sid Lee,FIS,Licensed,2025-11-19T17:33:57Z
25131,TD Bank Dog ATM,Sharon,Caroline Hicks,,,,Leo,TD,Dead,2025-11-19T17:33:57Z
25132,Questrade F25 Investing Campaign,Kelly,Nina Buis,,,,NFA,Questrade,,2025-11-19T17:33:57Z
25133,Tims Hockey Challenge,Clare,Alysha Pacheco,,,,Gut,Tim Hortons,Billed,2025-11-19T17:33:57Z
25134-US,Lindt Gifting 2025,Clare,Deena Archibald,,,,Grey/Townhouse USA,Lindt,Billed,2025-11-19T17:33:57Z
25135,"Jack Links ""Eat Real Meat""",Kelly,Nadia Knight,,,,Milestone,Jack Links,Billed,2025-11-19T17:33:57Z
25136,GM Certified Service,Kelly,Sharon Nelson-Bailey,,,,McCann,GM,Billed,2025-11-19T17:33:57Z
25137,Rogers NHL Playoffs,Nicholas,Haley Piett,,,,Publicis,Rogers,,2025-11-19T17:33:57Z
25138,Corebridge Financial,Clare,Jill Godbold,,,,Smile + Wave,Corebridge FInancial,Dead,2025-11-19T17:33:57Z
25139,Rogers Tedism Proudly Canadian,Nicholas,Tori Topalovich,,,,Publicis,Rogers,Dead,2025-11-19T17:33:57Z
25140,Kids Help Phone 2025,Kelly,Jana Desjardins,,,,McCann,Kids Help Phone,Licensed,2025-11-19T17:33:57Z
25141,Lindt Easter - AR,Clare,Deena Archibald,,,,Grey,Lindt,Dead,2025-11-19T17:33:57Z
25142,Popeyes Canada Pickle People,Sharon,Bethany Novak,,,,Cylndr - McKinney,Popeyes,Billed,2025-11-19T17:33:57Z
25143,Canadian Tire Grand Opening Radio,Sharon,Haley Piett,,,,Publicis,Canadian Tire,Dead,2025-11-19T17:33:57Z
25144,Unsinkable PSA,Clare,Shenny Jaffer,,,,Omnicom Production,Unsinkable,Licensed,2025-11-19T17:33:57Z
25145,DBC BC Local Campaign,Nicholas,Kasia Zeniuk,,,,Zulu Kilo Alpha,DBC BC,Billed,2025-11-19T17:33:57Z
25146,Morguard Annual Report Videos,Clare,Graeme Mathieson,,,,Bonfire Originals,Morguard,Billed,2025-11-19T17:33:57Z
25147-US,Zimmer Biomet Phase 2,Kelly,Andria Minott,,,,klick,Zimmer Biomet,,2025-11-19T17:33:57Z
25148,Historica Canada,Clare,Caitie Drewery,,,,Bonfire Originals,Historica,Billed,2025-11-19T17:33:57Z
25149,"Tim Hortons - ""Canadian Dream""",Clare,Shannon Farrell,,,,Gut,Tim Hortons,Billed,2025-11-19T17:33:57Z
25150,Tims Original Music Library 2025 Update,Kelly,Britt Wilcox,,,,Gut,Tim Hortons,,2025-11-19T17:33:57Z
25151,Dominos Rihanna Beat,Clare,Christine Malacas,,,,lg2,Dominos,Dead,2025-11-19T17:33:57Z
25152,Tims x Barbie x PWHL,Clare,Shannon Farrell,,,,Gut,Tim Hortons,Billed,2025-11-19T17:33:57Z
25153,Pure + Simple,Clare,Christine Malacas,,,,lg2,Pure + Simple,Dead,2025-11-19T17:33:57Z
25154-US,Kroger Chrissy,Nicholas,Aaron Mercer,,,,Dentsu,Kroger,Licensed,2025-11-19T17:33:57Z
25155,Ateko Brand Video,Clare,Christine Malacas,,,,LG2,Ateko,Actuals Sent,2025-11-19T17:33:57Z
25156-US,"JPMorgan ""Gold""",Nicholas,Tracey Uminowicz,,,,Buck,JPMorgan,Licensed,2025-11-19T17:33:57Z
25157,Mount Sinai Milk Bank,Sharon,Haley Stefan,,,,Diamond,Mount Sinai,Billed,2025-11-19T17:33:57Z
25158,Rogers Wireless - Project Rainbow,Nicholas,Michi Lepik-Stahl,,,,Publicis,Rogers,"Licensed,Billed",2025-11-19T17:33:57Z
25159,Home Hardware Sizzle,Kelly,Jacqueline Bellmore,,,,John St. ,Home Hardware,Billed,2025-11-19T17:33:57Z
25160,Home Hardware Manifesto Web,Kelly,Jacqueline Bellmore,,,,John St. ,Home Hardware,,2025-11-19T17:33:57Z
25161,EQ Bank,Kelly,Ashley Chu,,,,,EQ Bank,Actuals Sent,2025-11-19T17:33:57Z
25162,Rogers Wildfire Watchtowers Case,Nicholas,Michi Lepik-Stahl,,,,Publicis,Rogers,Dead,2025-11-19T17:33:57Z
25163,Farm Credit Canada,Kelly,Sharon Nelson-Bailey,,,,McCann,Farm Credit Canada,,2025-11-19T17:33:57Z
25164,Black Friday Event TV/Radio - Sleep Country Canada,Kelly,Nicole Andrisevic,,,,Publicis,Sleep Country,Wrapped,2025-11-19T17:33:57Z
25164,"Sleep Country ""Sleep Daddy""",Kelly,Nicole Andrisevic,,,,Publicis,Sleep Country,"Licensed,Billed",2025-11-19T17:33:57Z
25164,"Sleep Country ""Top Up""",Kelly,Nicole Andrisevic,,,,Publicis,Sleep Country,Licensed,2025-11-19T17:33:57Z
25165,First Watch,Clare,Cherie O'Connor,,,,NFA,,Dead,2025-11-19T17:33:57Z
25166-US,Kevin's Natural Foods Podcasts,Nicholas,Kim Park,,,,Client Direct,Kevin's Natural Foods,Billed,2025-11-19T17:33:57Z
25167-US,Smartsheet - Operation Smile,,Megan Ball,,,,Band of Shepherds,Smartsheet,Licensed,2025-11-19T17:33:57Z
25167-US,Smartsheet - Space Dust,,Megan Ball,,,,Band of Shepherds,Smartsheet,Licensed,2025-11-19T17:33:57Z
25168,WSIB PSW,Kelly,Kristen Neamtz,,,,Mackie Biernacki,WSIB,Billed,2025-11-19T17:33:57Z
25169,Edelman Case Studies - Dove & IKEA,Clare,Margo Hicks,,,,Edelman,,Billed,2025-11-19T17:33:57Z
25170,Rogers Stanley Cup,Nicholas,Koa Padolsky,,,,Publicis,Rogers,Billed,2025-11-19T17:33:57Z
25171,Kraft Philly | Flavours,Nicholas,Tricia Lapidario,,,,Rethink,Kraft,Billed,2025-11-19T17:33:57Z
25172-US,Sandals Call Centre,Kelly,Alejandra Shuman,,,,Unique Vacations Inc.,Sandals,Billed,2025-11-19T17:33:57Z
25173,Amex B2C 2.1,Nicholas,Liz May,,,,Dentsu,AMEX,Licensed,2025-11-19T17:33:57Z
25174,Canadian Tire - Moments Spring 2,Nicholas,Canute Gomes,,,,Canadian Tire,Canadian Tire,Billed,2025-11-19T17:33:57Z
25175,Classico - You Make it Classico,Kelly,Mackenzie Thompson,,,,Salt,Heinz Kraft,Actuals Sent,2025-11-19T17:33:57Z
25176,Shoppers Drug Mart - Red Dress Day,Clare,Nikki Anjavi,,,,lg2,Shoppers Drug Mart,Dead,2025-11-19T17:33:57Z
25177,Dairy Queen - Food and Treats,Nicholas,Jac Benoit,,,,Publicis,Dairy Queen,Licensed,2025-11-19T17:33:57Z
25178,Daily Bread Food Bank,Kelly,Simon Fernandes,,,,Leo Burnett,,,2025-11-19T17:33:57Z
25179,Agriculture Wellness Ontario,Kelly,Nadine Kalinauskas,,,,Bellzon Studio,Agriculture Wellness Ontario,,2025-11-19T17:33:57Z
25180,Lincoln Corsair 2025,Sharon,Veronique Prudhomme,,,,Hudson Rouge,Lincoln,Licensed,2025-11-19T17:33:57Z
25181,Stellantis Brand,Kelly,Nicholas Hore,,,,Publicis,Stellantis,Actuals Sent,2025-11-19T17:33:57Z
25182,TD - Pride ATM Playlist,Nicholas,Mike Spilchuk,,,,Leo Burnett,TD,Dead,2025-11-19T17:33:57Z
25183,WSIB Surplus Radio 3.0,Sharon,Katherine Power,,,,Mackie Biernacki,WSIB,Billed,2025-11-19T17:33:57Z
25184,Center for Child Protection,Clare,Cherie O'Connor,,,,NFA,,Billed,2025-11-19T17:33:57Z
25185,Petro Canada Trucker Love,Kelly,Kristina Kirilyuk ,,,,McCann,Petro Canada,,2025-11-19T17:33:57Z
25186-US,Panera X Pepsi,Kelly,Mike Kirsh,,,,Makers,Panera,Billed,2025-11-19T17:33:57Z
25187,G Water,Kelly,Maddy O'Shaughnessy,,,,"Unreasonable Studios, Anomaly",Gatorade,Billed,2025-11-19T17:33:57Z
25188,Mastercard Case Study,Kelly,Stef Fabich,,,,McCann,Mastercard,,2025-11-19T17:33:57Z
25189,BSCS Scamtones - See 25194,Kelly,Ryan Scott,,,,123 West,BSCS Scamtones,,2025-11-19T17:33:57Z
25190,Tims Zero Sugar Quenchers AST,Clare,Alysha Pacheco,,,,Gut,Tim Hortons,Billed,2025-11-19T17:33:57Z
25191,Tims Faves AST,Clare,Alysha Pacheco,,,,Gut,Tim Hortons,Billed,2025-11-19T17:33:57Z
25192,NAC,Clare,,,,,Banfield Agency,,Dead,2025-11-19T17:33:57Z
25193,Rogers Case Studies,Kelly,Rebecca Burtnik,,,,Publicis,Rogers,,2025-11-19T17:33:57Z
25195,Ikea Making Space,Sharon,Mark Pan,,,,Rethink,Ikea,Licensed,2025-11-19T17:33:57Z
25196,Dr Oetker Giuseppe Pizza,Nicholas,Jen Morrison,,,,Publicis,Dr Oetker,,2025-11-19T17:33:57Z
25197-US,Fancash Sign UP Offers,,,,,,Mob City Universe,Fanatics Sportsbook: Fancash Sign UP Offers,Licensed,2025-11-19T17:33:57Z
25198,Studio Lamajeure Patch,Clare,,,,,Studio Lamajeure,,Billed,2025-11-19T17:33:57Z
25199,VISA X Chase,Kelly,,,,,American Haiku,Visa,Billed,2025-11-19T17:33:57Z
25200,Sephora SPF,,,,,,Makers,Sephora,Licensed,2025-11-19T17:33:57Z
25201,Starbucks Artist Collab,Kelly,,,,,Leo Burnett,Starbucks,,2025-11-19T17:33:57Z
25202,Tim's Fuze Iced Tea Quenchers AST,Clare,,,,,Gut,Tim Hortons,Billed,2025-11-19T17:33:57Z
25203,Maple Leaf MLNS,Kelly,,,,,Sid Lee,Maple Leaf Foods,,2025-11-19T17:33:57Z
25204-US,Endo Pharmaceuticals - XIAFLEX,Nicholas,Francesca Marchese,,,,Klick,Endo Pharmaceuticals,Wrapped,2025-11-19T17:33:57Z
25205,No Frills - Big Moments,Clare,,,,,123W,No Frills,Dead,2025-11-19T17:33:57Z
25207,Walmart Summer Deliver,Sharon,Barb Gibson,,,,Cossette,Walmart,Licensed,2025-11-19T17:33:57Z
25208,Clover Hospitality,Kelly,Julia Morris,,,,Makers,Clover Hospitality,Active,2025-11-19T17:33:57Z
25209,Tims Bracelets Case Study,Clare,Lorrie Zwer,,,,Gut,Tim Hortons,Freebie,2025-11-19T17:33:57Z
25210-US,Deloitte Recruitment Video,Nicholas,Alexi Yeldezian,,,,BUCK,Deloitte,Billed,2025-11-19T17:33:57Z
25211,Tims Supreme Stackers National Campaign,Clare,Vivian Poon,,,,Gut,Tim Hortons,Billed,2025-11-19T17:33:57Z
25212,Walmart Animatic,Sharon,Barb Gibson,,,,Cossette,Walmart,Billed,2025-11-19T17:33:57Z
25213-US,Caplyta Final,Kelly,Kristen Barnard,,,,Klick,Caplyta,Actuals Sent,2025-11-19T17:33:57Z
25214,Visa TIFF,Kelly,Christine Stephens,,,,Publicis,Visa,,2025-11-19T17:33:57Z
25215,Honda CR-V 2026 Refresh,Clare,Lisa Moore,,,,Dentsu,Honda,Billed,2025-11-19T17:33:57Z
25216,Canadian Tire Summer Omnishop,Kelly,Haley Piett,,,,Publicis,Canadian Tire,Actuals Sent,2025-11-19T17:33:57Z
25217,Kids Help Phone Emotion Pictures,Kelly,Stef Fabich,,,,McCann,Kids Help Phone,,2025-11-19T17:33:57Z
25218,AMEX B2C Phase 2.2,Nicholas,Liz May,,,,Dentsu,AMEX,Billed,2025-11-19T17:33:57Z
25219-US,Google x MLB ll,Nicholas,Kim Stephens,,,,BUCK,Google,Billed,2025-11-19T17:33:57Z
25220-US,Bridge Bio Pitch,Kelly,Kristen Barnard,,,,klick,Bridge Bio,Billed,2025-11-19T17:33:57Z
25221,Popeyes Canada Wraps,Sharon,Bethany Novak,,,,Cylndr - McKinney,Popeyes,Billed,2025-11-19T17:33:57Z
25222,Ruffles Chip Lickers,Kelly,Paula Gill,,,,123W,Ruffles,Dead,2025-11-19T17:33:57Z
25223,Acura ADX EN Adapt,Clare,Lisa Moore,,,,Dentsu,Acura,Billed,2025-11-19T17:33:57Z
25224,VML Tiguan Mix,Nicholas,Erin Feldman,,,,VML,Volkswagen,Dead,2025-11-19T17:33:57Z
25225,T-Mobile,Marcello,Grayson,,,,Dept of Music,T-Mobile,,2025-11-19T17:33:57Z
25226,Canadian Screen Awards montage reel,Marcello,Scotty Taylor,,,,,Canadian Screen Awards,Licensed,2025-11-19T17:33:57Z
25229-US,Instacart Studio Patch,Sharon,Joel Hopper,,,,Levology Sound,Instacart,Billed,2025-11-19T17:33:57Z
25230,Tims Dinner Deals,Clare,Brit Wilcox,,,,Gut,Tim Hortons,Billed,2025-11-19T17:33:57Z
25231,Tims Loaded Bowls,Clare,Brit Wilcox,,,,Gut,Tim Hortons,Billed,2025-11-19T17:33:57Z
25232,Nicola Wealth,Clare,Margo Hicks,,,,Edelman,Nicola Wealth,Billed,2025-11-19T17:33:57Z
25233,Nespresso Pitch,Kelly,Tara Handley,,,,Saatchi,Nespresso,,2025-11-19T17:33:57Z
25234,Save On Foods,Kelly,Kasia Zeniuk,,,,Zulu,Save On Foods,,2025-11-19T17:33:57Z
25235,Egale Pride 2025,Kelly,,,,,VML,,,2025-11-19T17:33:57Z
25236,TD FR Social Video,Clare,,,,,Notch,TD,Dead,2025-11-19T17:33:57Z
25237,The Odds Extension,Clare,,,,,Edelman,,,2025-11-19T17:33:57Z
25238,uniQure Pitch,Kelly,Tom Hutch,,,,klick,uniQure,Billed,2025-11-19T17:33:57Z
25239,GMC Employee Pricing,Nicholas,Brenna Gray,,,,Leo Burnett,GMC,Billed,2025-11-19T17:33:57Z
25240,Toyota bZ - Apples,Kelly,Tara Handley,,,,Saatchi,Toyota,Licensed,2025-11-19T17:33:57Z
25241-US,Bounce,Clare,Rebecca Adams,,,,Gut,Bounce,,2025-11-19T17:33:57Z
25242,Roots QC Radio,Clare,Nicole Legate,,,,Roots,Roots,,2025-11-19T17:33:57Z
25243,Tims Camp Day Rehit,Clare,Vivian Poon,,,,Gut,Tim Hortons,Billed,2025-11-19T17:33:57Z
25244,Dodge Grand Caravan 15s,Kelly,Nicholas Hore,,,,Publicis,Stellantis,Licensed,2025-11-19T17:33:57Z
25245,Tims National Donut Day - Spotify,Clare,Shannon Farrell,,,,Gut,Tim Hortons,Billed,2025-11-19T17:33:57Z
25246,Emergen-C,Clare,Deena Archibald,,,,Grey,Emergen-C,,2025-11-19T17:33:57Z
25247,CT Big Greeter,Sharon,David Krol,,,,Publicis,Canadian Tire,Actuals Sent,2025-11-19T17:33:57Z
25248,Kids Help Phone FOL 2.0,Kelly,Jana Desjardins,,,,McCann,Kids Help Phone,,2025-11-19T17:33:57Z
25249,OLG Wintario,Kelly,Alina Prussky,,,,The Hive - billed to TBWA Canada per PO,OLG,Billed,2025-11-19T17:33:57Z
25250,AMEX - Member Get Member,"Nicholas,Kelly",Carlo D'Ercole ,,,,Dentsu,AMEX,Licensed,2025-11-19T17:33:57Z
25251,Dominos 'Grand Theft Social' Case Study,Clare,Nikki Anjavi,,,,LG2,Dominos,Billed,2025-11-19T17:33:57Z
25252,Abbvie Digital,Sharon,Catherine Scolieri,,,,klick,Abbvie,,2025-11-19T17:33:57Z
25253,Lays Farm Fresh,Nicholas,Paula Gill,,,,Rethink,Lays,Dead,2025-11-19T17:33:57Z
25254,RCSS Back To School,Kelly,Margaret John,,,,123W,RCSS,Billed,2025-11-19T17:33:57Z
25255-US,JCPenney Brand Refresh,Kelly,Danielle Balanov,,,,Mischief,JCPenney,Billed,2025-11-19T17:33:57Z
25256,Rogers Our Ice,Nicholas,Jen Morrison,,,,Publicis,Rogers,Actuals Sent,2025-11-19T17:33:57Z
25257,CT Fall Deals,Nicholas,Jen Morrison,,,,Publicis,Canadian Tire,Billed,2025-11-19T17:33:57Z
25258,Dempster’s BBQ & A,Kelly,Amanda Loughran,,,,King Ursa,Dempster's,Licensed,2025-11-19T17:33:57Z
25259,WWF 'The Line' 2.0,Nicholas,Terri Vegso,,,,Lifelong Crush,WWF,Billed,2025-11-19T17:33:57Z
25260,GMC Terrain US Adapt,Sharon,Amelie Marchand,,,,Leo,GMC,Billed,2025-11-19T17:33:57Z
25261,Honda Civic - 2026 Update,Clare,Lisa Moore,,,,Dentsu,Honda,Actuals Sent,2025-11-19T17:33:57Z
25262,RBC Sonic Branding,Clare,Shenny Jaffer,,,,TBWA,RBC,Dead,2025-11-19T17:33:57Z
25263,LottoMax WCLC Greenwall 2025,Sharon,Ingrid Kroboth,,,,FCB,Lottomax,Actuals Sent,2025-11-19T17:33:57Z
25264,Dominos Boost Week Adapt 2025,Clare,Nikki Anjavi,,,,LG2,Dominos,Billed,2025-11-19T17:33:57Z
25265,Nissan All In Clear Out Event,Kelly,Sharon Langlotz,,,,TBWA/Juniper Park,Nissan,Billed,2025-11-19T17:33:57Z
25266-US,Calix - Gerry Dee 2025,Nicholas,Adam Spielberg,,,,Decision Counsel,Calix,Billed,2025-11-19T17:33:57Z
25267,CAMH Fall Campaign,"Kelly,Sharon",Sydney Fitzgerald,,,,Mekanism,CAMH,,2025-11-19T17:33:57Z
25268,Dentsu AOY 2025,Nicholas,Rob Lazar,,,,Dentsu,Dentsu,Billed,2025-11-19T17:33:57Z
25269-US,F1 25 - EA,Marcello,Lori Cromwell-Charron,,,,Electronic Arts,Electronic Arts,Licensed,2025-11-19T17:33:57Z
25270-US,Wendys 2025 DC Comics Kids Meal,,Francesca Araneta,,,,VML,Wendys,Licensed,2025-11-19T17:33:57Z
25271,PC Masterbrand,"Kelly,Nicholas",Revital Grunberg,,,,Zulu,President's Choice,Billed,2025-11-19T17:33:57Z
25272,Canada's Got Talent (Season 4),Marcello,Cody Partridge,,,,Pear Tree Supervision,Canada's Got Talent,Licensed,2025-11-19T17:33:57Z
25273,Ginny & Georgia 103,Marcello,Josh Epport,,,,Netflix,Ginny & Georgia,Licensed,2025-11-19T17:33:57Z
25274,Rogers Canada Day,Nicholas,Jac Benoit,,,,Publicis,Rogers,Dead,2025-11-19T17:33:57Z
25275,Lincoln Employee Pricing,Sharon,Veronique Prudhomme,,,,Hogarth,Lincoln,Licensed,2025-11-19T17:33:57Z
25276,Popeyes Canada - Dippers Campaign,Sharon,Amanda Morrison,,,,Cylndr - McKinney,Popeyes,Billed,2025-11-19T17:33:57Z
25277,Rogers NHL: Welcome Home Stanley,Nicholas,Tori Topalovich,,,,Publicis,Rogers,Billed,2025-11-19T17:33:57Z
25278,Home Hardware Pro-how,Nicholas,Jacqueline Bellmore,,,,John St. ,Home Hardware,Dead,2025-11-19T17:33:57Z
25279,Rogers x TIFF,Nicholas,Koa Padolsky,,,,Publicis,Rogers,Dead,2025-11-19T17:33:57Z
25280,Dominos - Pan Pizza 2025 Adapt,Clare,Nikki Anjavi,,,,LG2,Dominos,Billed,2025-11-19T17:33:57Z
25281,Ontarieau case,Nicholas,Erin Feldman,,,,VML,Ontarieau,Billed,2025-11-19T17:33:57Z
25282,Capri Sun - Summer Social,Kelly,Deven Sportelli,,,,Mischief,Capri Sun,Actuals Sent,2025-11-19T17:33:57Z
25283,Shreddies Honeycomb,Sharon,Daniel Vink,,,,Diamond,Post,Actuals Sent,2025-11-19T17:33:57Z
25284-US,ATV+ Unentitled Sizzle 2025,Marcello,Katie Schwartz,,,,Apple,Apple,Licensed,2025-11-19T17:33:57Z
25285,Tims National Coffee Day,Clare,Sophie McIntosh,,,,Gut,Tim Hortons,Billed,2025-11-19T17:33:57Z
25286,OLG Horse Racing Wagering,Kelly,Heather Hyland,,,,VML,OLG,,2025-11-19T17:33:57Z
25287,Make A wish,Sharon,Kasia Zeniuk,,,,Zulu,Make A Wish,Licensed,2025-11-19T17:33:57Z
25288,Rogers Wireless - Vibing Through The City,Nicholas,Tori Topalovich,,,,Publicis,Rogers,Dead,2025-11-19T17:33:57Z
25289,Mackie Biernacki AOY 2025,Sharon,Mark Biernacki,,,,Mackie Biernacki,Mackie Biernacki,Freebie,2025-11-19T17:33:57Z
25290,Greenfield Look For The Leaf Case Study,Kelly,Cherie O'Connor,,,,NFA,,,2025-11-19T17:33:57Z
25291,Cooke - Educational Video,Nicholas,Christine Malacas,,,,LG2,,Dead,2025-11-19T17:33:57Z
25292,Chevy Employee Pricing Radio,Kelly,Stef Fabich,,,,McCann,Chevrolet,Dead,2025-11-19T17:33:57Z
25293,Chili's Birth Of The Boot,Kelly,Lauren Tolbert,,,,Mischief,Chili's,Licensed,2025-11-19T17:33:57Z
25294,Greenfield Ode To Hard Work,Kelly,Cherie O'Connor,,,,NFA,,,2025-11-19T17:33:57Z
25295-US,Pinterest Presents 2025,Nicholas,Cara Brophy,,,,Pinterest,Pinterest,Billed,2025-11-19T17:33:57Z
25296,CT Fall Tire Sale,Nicholas,Canute Gomes,,,,Canadian Tire,Canadian Tire,Billed,2025-11-19T17:33:57Z
25297,Rona Half Ass 2.0,Sharon,Lindsay Hann,,,,Courage,Rona,Dead,2025-11-19T17:33:57Z
25298,Mejuri Founders Story,Kelly,Ashley Chu,,,,Mejuri,Mejuri,Billed,2025-11-19T17:33:57Z
25299-US,Hidden Valley Patch,Nicholas,Thomas Zalduendo,,,,456 Studios (FCB Chicago),Hidden Valley,Billed,2025-11-19T17:33:57Z
25300,Tim Horton's Canada Day,Kelly,,,,,Gut,Tim Hortons,Billed,2025-11-19T17:33:57Z
25301,Honda F1 Dreams 5.1 Mix,Nicholas,Rob Lazar,,,,Dentsu,Honda,Dead,2025-11-19T17:33:57Z
25302,Walmart Back to School,Sharon,Barb Gibson,,,,Cossette,Walmart,Billed,2025-11-19T17:33:57Z
25303,Rogers Satellite To Mobile,Nicholas,Ethan Butler,,,,Publicis,Rogers,Licensed,2025-11-19T17:33:57Z
25304-US,Tinder Double Date,Kelly,Coleman Sweeney,,,,Mischief,Tinder,Licensed,2025-11-19T17:33:57Z
25305,Tims NHL and Team Canada Hockey Cards,Clare,Lorrie Zwer,,,,Gut,Tim Hortons,Licensed,2025-11-19T17:33:57Z
25306,Food Banks Canada,Kelly,Melanie Lambertson,,,,The Garden,Food Banks Canada,Actuals Sent,2025-11-19T17:33:57Z
25307,Popeyes Theme Music Refresh,Sharon,Amanda Morrison,,,,Cylndr - McKinney,Popeyes,,2025-11-19T17:33:57Z
25308-US,Macy's Fall Campaign,Nicholas,Shayna Chabrow,,,,Premier Music Group,Macy's,Billed,2025-11-19T17:33:57Z
25309,Tims Chai Bev,Clare,Brit Wilcox,,,,Gut,Tim Hortons,Billed,2025-11-19T17:33:57Z
25310,Tims Protein Bev,Clare,Brit Wilcox,,,,Gut,Tim Hortons,Billed,2025-11-19T17:33:57Z
25311,Tims Scrambled Egg Croissant,Clare,Brit Wilcox,,,,Gut,Tim Hortons,Billed,2025-11-19T17:33:57Z
25312,Drake International Podcast,Kelly,Alex Kotschorek,,,,Broken Heart Love Affair ,,,2025-11-19T17:33:57Z
25313,CT Triangle Rewards,Sharon,Maddy O'Shaughnessy,,,,Publicis,Canadian Tire,Licensed,2025-11-19T17:33:57Z
25314,Tim's Loyalty Campaign,Clare,Shannon Farrell,,,,Gut,Tim Hortons,Licensed,2025-11-19T17:33:57Z
25315,Destination Ontario The Translator,Sharon,Haley Stefan,,,,Diamond,Destination Ontario,Active,2025-11-19T17:33:57Z
25316,Rogers Back to School Radio,Nicholas,,,,,Publicis,Rogers,Dead,2025-11-19T17:33:57Z
25317,Sodastream Be Loved,Kelly,Melanie Lambertsen,,,,The Garden,Sodastream,Licensed,2025-11-19T17:33:57Z
25318-US,Allbirds x Color Audio,Kelly,Kelsey-Lynn Corradetti / Olivia Mayberry,,,,Monks,Allbirds,Actuals Sent,2025-11-19T17:33:57Z
25319,Canadian Tire Christmas 2025,Sharon,Haley Piett,,,,Publicis,Canadian Tire,Licensed,2025-11-19T17:33:57Z
25320,Canadian Tire Black Friday 2025,Sharon,David Krol,,,,Publicis,Canadian Tire,,2025-11-19T17:33:57Z
25321,AMEX - Platinum Acquisition,Nicholas,Francesca Marchese,,,,Dentsu,AMEX,Actuals Sent,2025-11-19T17:33:57Z
25322,Miscrosoft,Kelly,Satoru Inoue,,,,Thinking Box,Microsoft,,2025-11-19T17:33:57Z
25323,Tims Future Brew Rehit,Clare,Vivian Poon,,,,Gut,Tim Hortons,Billed,2025-11-19T17:33:57Z
25324-US,Popeyes Canada Casestudies,Sharon,Seylon Edmundson,,,,Cylndr - McKinney,Popeyes,Billed,2025-11-19T17:33:57Z
25325-US,Wendy’s $1 Breakfast Biscuit Baseline Socials,Nicholas,Francesca Araneta,,,,VML,Wendy's,Actuals Sent,2025-11-19T17:33:57Z
25326,GGRP VO Patchs,Nicholas,Meg Griffiths,,,,GGRP,GGRP,Billed,2025-11-19T17:33:57Z
25327,Lexus RX SUSTAINMENT,Nicholas,Tess Waisglass,,,,Dentsu,Lexus,Dead,2025-11-19T17:33:57Z
25328-US,Lindt Every Day,Clare,Samuel Morse,,,,Grey/Townhouse USA,Lindt,Billed,2025-11-19T17:33:57Z
25329,Voila - Delivery En Route,Clare,Lauren Sloan,,,,Sid Lee,Voila,Actuals Sent,2025-11-19T17:33:57Z
25330,Canadian Tire 2026 Winter Olympics,Sharon,David Krol,,,,Publicis,Canadian Tire,,2025-11-19T17:33:57Z
25331,Tims Thanksgiving Stack,Clare,Vivian Poon,,,,Gut,Tim Hortons,Billed,2025-11-19T17:33:57Z
25332,Nutrien Ag Solutions,Clare,Dylann Bobei,,,,Think Shift Inc,Nutrien Ag Solutions,Billed,2025-11-19T17:33:57Z
25333,Popeyes US Hot Ones,Sharon,Amanda Morrison,,,,Cylndr,Popeyes,Licensed,2025-11-19T17:33:57Z
25334,Community Bank 2025,Sharon,Sam McLaren,,,,Rooster,Rooster,,2025-11-19T17:33:57Z
25335,Kicking Horse Coffee Blend Signs,Clare,Deena Archibald,,,,Lifelong Crush,Kicking Horse,Actuals Sent,2025-11-19T17:33:57Z
25336,Fresh Pet - Fresh From the Fridge,Nicholas,Chris Lenz,,,,Terri & Sandy,Fresh Pet,Licensed,2025-11-19T17:33:57Z
25337,Downy Mom Loves,Kelly,Danielle Hallack,,,,Saatchi/LEO,P&G,Actuals Sent,2025-11-19T17:33:57Z
25338,Redds Hard Apple,Kelly,Terri Winter,,,,Rethink,Molson,Licensed,2025-11-19T17:33:57Z
25339,VW Volksfest Radio,Kelly,Heather Hyland,,,,VML,Volkswagen,,2025-11-19T17:33:57Z
25340,Ikea Holiday 2025,Sharon,Nadya MacNeil,,,,Rethink,Ikea,Billed,2025-11-19T17:33:57Z
25341,Imperial Oil Mobil 'Get Moving',Kelly,Terry Kavanagh,,,,BBDO,Mobil,Billed,2025-11-19T17:33:57Z
25342,APTN | Brand Campaign,Clare,Alysha Pacheco,,,,BOOM InterTribal,APTN,Billed,2025-11-19T17:33:57Z
25343,Volvo,Clare,Holly Fisher,,,,Grey,Volvo,,2025-11-19T17:33:57Z
25344,Safe Haven PSA,Kelly,Andrew Schulze,,,,Local Collective,Safe Haven,,2025-11-19T17:33:57Z
25345,Reese's Orange World,Sharon,Ingrid Kroboth,,,,FCB,Reese's,Billed,2025-11-19T17:33:57Z
25346,Dominos Oven Baked Penne,Clare,Nikki Anjavi,,,,lg2,Dominos,Billed,2025-11-19T17:33:57Z
25347,Dominos Mix & Match,Clare,Nikki Anjavi,,,,lg2,Dominos,Billed,2025-11-19T17:33:57Z
25348,GSK Stay Well Soon,Clare,Margo Hicks,,,,Edelman,GSK,Actuals Sent,2025-11-19T17:33:57Z
25349,Sobeys Holiday 2025,Sharon,Nikki Drakul,,,,FCB,Sobeys,Licensed,2025-11-19T17:33:57Z
25350,Encor by Epcor,Clare,Debbie Shinecroft,,,,TBWA,Epcor,Dead,2025-11-19T17:33:57Z
25351,Tims Iconic Boards,Kelly,Vivian Poon,,,,Gut,Tim Hortons,,2025-11-19T17:33:57Z
25352,Lindor Pistachio Adapt,Clare,Holly Fisher,,,,Grey,Lindor,,2025-11-19T17:33:57Z
25353-US,Apple Bubly Low,Nicholas,Aaron Mercer,,,,Premier Music Group,Bubly,Billed,2025-11-19T17:33:57Z
25354,Plymouth Rock 2025,Sharon,Amanda Morrison,,,,McKinney US ,Plymouth Rock,"Billed,Licensed",2025-11-19T17:33:57Z
25355,Miss Vickie's - Ristoranti Series,Clare,Michael Oshell,,,,Campsite,Miss Vickie's,,2025-11-19T17:33:57Z
25356,Fidelity,Clare,Caitie Drewery,,,,Bonfire Originals,Fidelity,Billed,2025-11-19T17:33:57Z
25357,BOOST - Get A Little Activation,Clare,Jackie Pal,,,,Courage,Boost,Billed,2025-11-19T17:33:57Z
25358,Chicken Farmers of Canada - Impact,Clare,Christine Malacas,,,,LG2,Chicken Farmers of Canada,Actuals Sent,2025-11-19T17:33:57Z
25359,HP Instant Ink,Kelly,Rob Marmor,,,,Accenture,HP,Billed,2025-11-19T17:33:57Z
25360,Popeyes Canada Signature Sauce LTO,Sharon,Amanda Morrison,,,,Cylndr - McKinney,Popeyes,Billed,2025-11-19T17:33:57Z
25361,Aquamar Chickensanity,Sharon,Katherina Villa,,,,123west,Aquamar,,2025-11-19T17:33:57Z
25362,GM Certified Service - Dealer Vids,Kelly,Stef Fabich,,,,McCann,,,2025-11-19T17:33:57Z
25363,Subaru Solterra,Kelly,Anna Tricinci,,,,Zulu,Subaru,"Licensed,Billed",2025-11-19T17:33:57Z
25364,Subaru MY26 Outback,Nicholas,Karen Blazer,,,,Zulu,Subaru,Billed,2025-11-19T17:33:57Z
25365,Mattamy Homes Rebrand,Clare,Michael Oshell,,,,Sarl Neuv Ltd,Mattamy,,2025-11-19T17:33:57Z
25366,Lindt Easter Golden Trail Adapt,Clare,Holly Fisher,,,,Grey,Lindt,,2025-11-19T17:33:57Z
25367-US,The Knot,Kelly,Kimberly Kerawala,,,,Herd of Shepherds,,,2025-11-19T17:33:57Z
25368,COC // Invest in Ontario,Clare,Rebecca Adams,,,,Publicis,COC Invest in Ontario,Billed,2025-11-19T17:33:57Z
25369-US,Blue Moon,Kelly,Lauren Tolbert,,,,Mischief,Blue Moon,Licensed,2025-11-19T17:33:57Z
25370,The Shine Foundation,Kelly,Gigi Realini,,,,Partners,The Shine Foundation,,2025-11-19T17:33:57Z
25371,Ford Oct Retail 2025,Sharon,Nancy Orlotti,,,,GTB,Ford,"Licensed,Billed",2025-11-19T17:33:57Z
25372,Maxwell House - Value Campaign,Nicholas,Caroline Hicks,,,,Rethink,Maxwell House,"Licensed,Billed",2025-11-19T17:33:57Z
25373-US,Shure x Ren,Kelly,Kelsey-Lynn Corradetti / Olivia Mayberry,,,,Monks,Shure,Actuals Sent,2025-11-19T17:33:57Z
25374,Diabetes Canada,Clare,Holly Fisher,,,,Grey,Diabetes Canada,Billed,2025-11-19T17:33:57Z
25375,Homesense Digital Radio,Kelly,Vanessa Gervais,,,,Sid Lee,Homesense,Actuals Sent,2025-11-19T17:33:57Z
25376,Honda - My Story Contest,Nicholas,Rob Lazar,,,,Dentsu,Honda,,2025-11-19T17:33:57Z
25377,CIBC Aventura 2025,Sharon,Rachel D'Ercole,,,,Courage,CIBC,Billed,2025-11-19T17:33:57Z
25378-US,INBRIJA,Nicholas,Andria Minott,,,,klick,INBRIJA,,2025-11-19T17:33:57Z
25379,Rogers 5G Home Internet / Radio,Nicholas,Koa Padolsky,,,,Publicis,Rogers,Dead,2025-11-19T17:33:57Z
25380,Fidelity Investments,Clare,Caitie Drewery,,,,Bonfire Originals,Fidelity,,2025-11-19T17:33:57Z
25381,Rogers 65th Anniversary,Nicholas,Koa Padolsky,,,,Publicis,Rogers,Dead,2025-11-19T17:33:57Z
25382,Lincoln Oct Retail 2025,Sharon,Veronique Prud’homme,,,,Hudson Rouge,Lincoln,Billed,2025-11-19T17:33:57Z
25383,Four Seasons Social,Sharon,Shannon Stirling,,,,We Are Social,Four Seasons,,2025-11-19T17:33:57Z
25384,We Are Social Casestudy,Sharon,Shannon Stirling,,,,We Are Social,We Are Social,Billed,2025-11-19T17:33:57Z
25385,Dominos: Best Deal Ever Adapt,Clare,Nikki Anjavi,,,,lg2,Dominos,Billed,2025-11-19T17:33:57Z
25386-US,Carnival Cruise Radio,Clare,Julia Millison,,,,TBWA,Carnival Cruise,Actuals Sent,2025-11-19T17:33:57Z
25387,Popeyes Cnd Hot Ones LTO,Sharon,Amanda Morrison,,,,Cylndr,Popeyes,Licensed,2025-11-19T17:33:57Z
25388,Popeyes Canada Eating Is Believing,Sharon,Amanda Morrison,,,,Cylndr,Popeyes,Licensed,2025-11-19T17:33:57Z
25389,Lexus LDA Radio Fall ‘25,Nicholas,Francesca Marchese,,,,Dentsu,Lexus,Licensed,2025-11-19T17:33:57Z
25390,HH Homecoming Sizzle,Nicholas,Jacqueline Bellmore,,,,John St. ,Home Hardware,Billed,2025-11-19T17:33:57Z
25391-US,Crocs Music Licensing,Nicholas,,,,,Crocs,Crocs,Dead,2025-11-19T17:33:57Z
25392,Kellogs Bowls for Bowls,Nicholas,,,,,Leo Burnett,Kelloggs,Dead,2025-11-19T17:33:57Z
25393,Gay Lea,Kelly,,,,,Partners,Gay Lea,,2025-11-19T17:33:57Z
25394,JJIM IL & Spravato Pitch,Kelly,,,,,klick,,,2025-11-19T17:33:57Z
25395,The Keg - Winter Grill 25,Nicholas,Ashlie Luthra,,,,Juliet,The Keg,,2025-11-19T17:33:57Z
25396,Nissan Conquer All Conditions,Kelly,,,,,TBWA/Juniper Park,Nissan,,2025-11-19T17:33:57Z
25397,Kraft Hockeyville,Kelly,,,,,Rethink,Kraft,,2025-11-19T17:33:57Z
25398,THD Island Remix,"Sharon,Clare",,,,,FCB,,,2025-11-19T17:33:57Z
25399,Endy Radio,Clare,,,,,Endy,Endy,,2025-11-19T17:33:57Z
25400-US,Allbirds X Waterproof Collection,Kelly,Kelsey-Lynn Corradetti,,,,Monks,Allbirds,Actuals Sent,2025-11-19T17:33:57Z
25401-US,Allbirds X Holiday + Kiwi Collection,Kelly,Kelsey-Lynn Corradetti,,,,Monks,Allbirds,Actuals Sent,2025-11-19T17:33:57Z
25402,OLG Olympics,Kelly,,,,,Juniper Park/TBWA,,Dead,2025-11-19T17:33:57Z
25403,Tim's National Donut Day,Clare,Shannon Farrell,,,,Gut,Tim Hortons,Licensed,2025-11-19T17:33:57Z
25404,Tims Holiday 2025,Clare,Brit Wilcox,,,,Gut,Tim Hortons,,2025-11-19T17:33:57Z
25405,Stellantis Pitch,Kelly,Jen Mete,,,,Sid Lee,Stellantis,,2025-11-19T17:33:57Z
25406,Client TBD,Nicholas,Sana Ali,,,,Brees Communications,,,2025-11-19T17:33:57Z
25407,Lindt Ghirardelli  Adapt,Clare,Holly Fisher,,,,Grey,Lindt,,2025-11-19T17:33:57Z
25408-US,Be Like Goldfish,Kelly,Deven Sportelli,,,,Mischief,Be Like Goldfish,,2025-11-19T17:33:57Z
25409,"Gay Lea ""Simply Sweet""",Clare,Terra Stephen,,,,Fuse Create,Gay Lea,Licensed,2025-11-19T17:33:57Z
25410,BMW Canada - 50 Years of 3 Series (CAD Sync),Nicholas,Elysia Chan,,,,Richmond Day,BMW,Licensed,2025-11-19T17:33:57Z
25411,Delta Bingo Radio,Clare,Melanie Lambertsen,,,,Labour,Delta Bingo,Billed,2025-11-19T17:33:57Z
25412-US,Pinterest Ellie,Nicholas,Brendan Mills,,,,Brand New School,Pinterest,Billed,2025-11-19T17:33:57Z
25413,BC Liquors,Nicholas,Carlo D'Ercole ,,,,Dentsu,BC Liquors,Dead,2025-11-19T17:33:57Z
25414,Dentalcorp Brand Sizzle,Nicholas,Rob Lazar,,,,Dentsu,Dentalcorp,Billed,2025-11-19T17:33:57Z
25415,Globe & Mail Pitch,Kelly,Steve Emmens,,,,VML,Globe & Mail,,2025-11-19T17:33:57Z
25416,Sephora Holiday '25,Nicholas,Julie Rowland,,,,Makers,Sephora,Billed,2025-11-19T17:33:57Z
25417,Toronto Hydro,Kelly,Darren Marrenca,,,,Burson Global,Toronto Hydro,,2025-11-19T17:33:57Z
25418-US,Tinder ISWAS 6.0 Localizations,Kelly,Coleman Sweeney,,,,The Candy Factory Inc.,Tinder,,2025-11-19T17:33:57Z
25419,"Bell Launch ""Connection Is Everything""",Kelly,Revital Grunberg,,,,Zulu ,Bell,Actuals Sent,2025-11-19T17:33:57Z
25420,Buick Multiline October REV TAG Adapt,Nicholas,Brenna Gray,,,,Leo Burnett,Buick,Billed,2025-11-19T17:33:57Z
25421,Canadian Red Cross,Kelly,Stef Fabich,,,,McCann,Canadian Red Cross,,2025-11-19T17:33:57Z
25422,Lactantia,Clare,Deena Archibald,,,,Lifelong Crush,Lactantia,Billed,2025-11-19T17:33:57Z
25423,It's Not Mayo. It's Miracle Whip,Kelly,Christine Taranco,,,,The Kitchen,Miracle Whip,"Billed,Licensed",2025-11-19T17:33:57Z
25424,Lexus NDM 2025,Nicholas,Rob Lazar,,,,Dentsu,Lexus,Billed,2025-11-19T17:33:57Z
25425,Ocean Spray Digital,Sharon,Marcie McCurlie,,,,Evolve,Ocean Spray,Actuals Sent,2025-11-19T17:33:57Z
25426,Philly Holiday 2025,Clare,Brian Vecchione,,,,The Kitchen,Philadelphia,,2025-11-19T17:33:57Z
25427-US,Welch's Break Out The Fancy Juice,Nicholas,Daniel Maughan,,,,Terri & Sandy ,Welch's,,2025-11-19T17:33:57Z
25428,Scotiabank iTrade Fy26 Winter,Kelly,Narine Artinian,,,,Rethink,Scotiabank,Billed,2025-11-19T17:33:57Z
25429,Dominos Emergency Pizza 2025,Clare,Nikki Anjavi,,,,lg2,Dominos,Actuals Sent,2025-11-19T17:33:57Z
25430,BMW Canada - SUV,Nicholas,Elysia Chan,,,,Richmond Day,BMW,Billed,2025-11-19T17:33:57Z
25431-US,New Balance Music Search,Nicholas,Theresa Notartomaso,,,,VML,New Balance,,2025-11-19T17:33:57Z
25432-US,FCAS Animatic,Nicholas,Karli James,,,,VML,FCAS Animatic,,2025-11-19T17:33:57Z
25433-US,Verizon - Holiday Heavy,Nicholas,Dre Libreros,,,,Ogilvy,Verizon,Billed,2025-11-19T17:33:57Z
25434-US,Kevin's Fine Foods - Clean Eating Feeling,Nicholas,Kim Park,,,,Kevin's Natural Foods,Kevin's Natural Foods,,2025-11-19T17:33:57Z
25435,Hype Video,Clare,Deena Archibald,,,,Lifelong Crush,,,2025-11-19T17:33:57Z
25436-US,JCPenney Holiday,Kelly,Coleman Sweeney,,,,Mischief,JCPenney,,2025-11-19T17:33:57Z
25437,Ford Year End Event 2025,Sharon,Nancy Orlotti,,,,GTB,Ford,,2025-11-19T17:33:57Z
25438,Joy of Pepsi,Kelly,Martina Esguerra,,,,Anomaly,Pepsi,,2025-11-19T17:33:57Z
25439,Fidelity PM videos,Clare,Graeme Mathieson,,,,Bonfire Originals,Fidelity Investments,Billed,2025-11-19T17:33:57Z
25440,Rogers Made Of More,Nicholas,Ethan Butler,,,,Publicis,Rogers,"Actuals Sent,Billed",2025-11-19T17:33:57Z
25441,Caterpillar Anthem Spot,Kelly,Julia Morris,,,,Caterpillar,Caterpillar,,2025-11-19T17:33:57Z
25442,Viaskin Crushed It Pitch,Kelly,Elvira Labate,,,,Klick,Viaskin,,2025-11-19T17:33:57Z
25443-US,456 Studios - Studio Patch,Nicholas,Thomas Zalduendo,,,,FCB Chicago,456 Studios,Billed,2025-11-19T17:33:57Z
25444,Popeyes Canada Sizzle,Sharon,Seylon Edmundson,,,,Cylndr - McKinney,Popeyes,Billed,2025-11-19T17:33:57Z
25445,Kraft Dinner - Love Hurts,Nicholas,Tricia Lapidario,,,,Rethink,Kraft,Dead,2025-11-19T17:33:57Z
25446,Parkinson's Research Fundraising Performance,Clare,Haley Piett,,,,Publicis,Parkinsons,,2025-11-19T17:33:57Z
25447,Lincoln Wish List 2025,Sharon,Veronique Prud'homme,,,,Hogarth,Lincoln,Actuals Sent,2025-11-19T17:33:57Z
25448,Lexus NX Refresh,Nicholas,Tess Waisglass,,,,Dentsu,Lexus,Dead,2025-11-19T17:33:57Z
25449,Salvation Army 2.0,Clare,Holly Fisher,,,,Grey,Salvation Army,"Actuals Sent,Billed",2025-11-19T17:33:57Z
25450,Febreze Wave 9,Clare,Holly Fisher,,,,Grey,Febreze,,2025-11-19T17:33:57Z
25451,Rogers Satellite to Mobile - Carey Price,Nicholas,Ethan Butler,,,,Publicis,Rogers,Dead,2025-11-19T17:33:57Z
25452,APTN Winter Campaign,Clare,Alysha Pacheco,,,,BOOM InterTribal,APTN,,2025-11-19T17:33:57Z
25453,AudioZ Patch,"Chloe,Nicholas",Vanessa Sansfaçon,,,,AudioZ,AudioZ,"Actuals Sent,Billed",2025-11-19T17:33:57Z
25454,Santa Parade,Kelly,Jana Tuck,,,,McCann,Santa Parade,,2025-11-19T17:33:57Z
25455,Tims Blue Jays,Clare,Kelly Mark,,,,Gut,Tim Hortons,"Actuals Sent,Billed",2025-11-19T17:33:57Z
25456,Rogers Holiday Radio,Clare,Rebecca Adams,,,,Publicis,Rogers,,2025-11-19T17:33:57Z
25457-US,BMW Canada - 50 Years of 3 Series (US SYNC),Nicholas,Elysia Chan,,,,Richmond Day,BMW,Licensed,2025-11-19T17:33:57Z
25458,Autotrader,Kelly,Melanie Lambertsen,,,,Labour,Autotrader,,2025-11-19T17:33:57Z
25459,Gatorade 2.0,Kelly,Martina Esguerra,,,,Anomaly,Gatorade,,2025-11-19T17:33:57Z
25460,Sobeys CMA Award Video,Sharon,Josh Malone,,,,FCB,Sobeys,,2025-11-19T17:33:57Z
25461,Tims Soccer,Clare,Brit Wilcox,,,,Gut,Tim Hortons,,2025-11-19T17:33:57Z
25462-US,Terminix 2026 Brand Campaign,Nicholas,Stump Mahoney,,,,FCB Chicago,Terminix,,2025-11-19T17:33:57Z
25463,Praxis Pitch,Kelly,Tina Muratovic,,,,Klick,Praxis,Wrapped,2025-11-19T17:33:57Z
25464,TD Insurance Golden Ticket,Kelly,Kali Kyriazis,,,,Leo,TD,,2025-11-19T17:33:57Z
25465,Sleep Country Album,Kelly,Nicole Andrisevic,,,,Publicis,Sleep Country,,2025-11-19T17:33:57Z
25466,7Eleven Big Yeah Deals,Kelly,Meaghan Binstock,,,,Publicis,7Eleven,,2025-11-19T17:33:57Z
25467,Lexus LDA Fall Radio 25,Nicholas,Tess Waisglass,,,,Dentsu,Lexus,,2025-11-19T17:33:57Z
25468,Ferrero World Cup,"Nicholas,Kelly",Megan Flett,,,,Anomaly,Ferrero Rocher,,2025-11-19T17:33:57Z
25469,McLaren X MasterCard - Priceless Experience,Nicholas,Tracy Luong,,,,McCann,Mastercard,,2025-11-19T17:33:57Z
25470,"Tims ""Roll Up Season""",Clare,Shannon Farrell,,,,Gut,Tim Hortons,,2025-11-19T17:33:57Z
25471-US,Elf Music Video,Kelly,Danielle Balanov,,,,Mischief,Elf,,2025-11-19T17:33:57Z
25472,CBS Winter Acquisition 2025,Clare,Haley Stefan,,,,Diamond,Canadian Blood Services,,2025-11-19T17:33:57Z
25473,A&W Brand '26,Nicholas,Tricia Lapidario,,,,Rethink,A&W,,2025-11-19T17:33:57Z
25474,Tim Hortons Special Olympics - Social,,Tricia Dela Cruz,,,,Gut,Tim Hortons,,2025-11-19T17:33:57Z
25475,Essential Tremors,Kelly,Tina Muratovic,,,,klick,Unbranded,,2025-11-19T17:33:57Z
25476,DoorDash Pitch,Kelly,Marty Hoefkes,,,,Broken Heart Love Affair,DoorDash,,2025-11-19T17:35:46Z
25477,Rogers Screen Break,Kelly,Koa Padolsky,,,,Publicis,Rogers,,2025-11-19T17:33:57Z
